location,n_peak,peak_magnitude_norm,fd_jenks_clusters,sturges_jenks_clusters,scott_jenks_clusters,fd_agg_clusters,fd_km_clusters,fd_uniform_clusters,hosp_patients_norm,icu_patients_norm,total_tests_norm,new_tests_norm,total_cases_norm,mask_use,mobility,vaccination_1_dose,vaccination_full,reproduction_rate,positive_rate,tests_per_case,stringency_index,population_density,median_age,aged_65_older,aged_70_older,gdp_per_capita,extreme_poverty,cardiovasc_death_rate,diabetes_prevalence,female_smokers,male_smokers,handwashing_facilities,life_expectancy,human_development_index
Afghanistan,1,0.0053576865020754,2,1,1,5,1,1,,,,,8.605405218691262,34.2,-10.0,,,0.78,,,78.7,54.422,18.6,2.581,1.337,1803.987,,597.029,9.59,,,37.746,64.83,0.511
Afghanistan,2,0.0036347240476492,1,1,1,8,16,1,,,,,11.95945478482119,33.32,12.0,0.0,0.0,1.05,,,12.04,54.422,18.6,2.581,1.337,1803.987,,597.029,9.59,,,37.746,64.83,0.511
Afghanistan,3,0.0200144869737561,4,2,2,11,8,2,,,,,26.54647014210567,42.98,1.0,582128.0,183762.0,1.1,,,46.3,54.422,18.6,2.581,1.337,1803.987,,597.029,9.59,,,37.746,64.83,0.511
Albania,1,0.0148505145541108,3,2,2,11,13,1,,,0.1335951330590956,0.1649881271202192,19.56188342649013,28.23,-12.0,,,1.12,0.2131,4.7,62.96,104.871,38.0,13.188,8.643,11803.431,1.1,304.195,10.08,7.1,51.2,,78.57,0.795
Albania,2,0.0511517469945358,7,4,5,15,3,3,,,0.6429315814425253,0.6665659566143879,143.7624393738248,61.27,-30.0,0.0,0.0,1.07,0.3874,2.6,65.74,104.871,38.0,13.188,8.643,11803.431,1.1,304.195,10.08,7.1,51.2,,78.57,0.795
Albania,3,0.0660445441489432,9,4,6,4,12,4,,,1.5681947444668063,1.172668776936748,378.78698222792445,54.03,-24.0,15044.0,14141.0,0.9,0.2594,3.9,60.19,104.871,38.0,13.188,8.643,11803.431,1.1,304.195,10.08,7.1,51.2,,78.57,0.795
Albania,4,0.0330330751872476,5,3,3,13,21,2,,,4.015671783619116,1.609852506183574,587.4900015106508,19.57,1.0,943473.0,782578.0,0.87,0.154,6.5,41.67,104.871,38.0,13.188,8.643,11803.431,1.1,304.195,10.08,7.1,51.2,,78.57,0.795
Albania,5,0.0193492461260857,3,2,2,11,13,2,,,,,899.9266951485833,23.26,-13.0,1252727.0,1156751.0,0.85,0.6065,1.6,61.11,104.871,38.0,13.188,8.643,11803.431,1.1,304.195,10.08,7.1,51.2,,78.57,0.795
Algeria,1,0.0040350835538303,1,1,1,8,16,1,,,,,0.3523350241678964,23.16,-54.0,,,1.09,,,86.57,17.348,29.1,6.211,3.857,13913.839,0.5,278.364,6.73,0.7,30.4,83.741,76.88,0.748
Algeria,2,0.0040486328101098,1,1,1,8,16,1,,,,,17.48787548390593,47.46,-14.0,,,1.1,,,72.22,17.348,29.1,6.211,3.857,13913.839,0.5,278.364,6.73,0.7,30.4,83.741,76.88,0.748
Algeria,3,0.0079656912649558,2,1,1,5,1,1,,0.0116548481276912,,,40.42349594072847,58.7,5.0,3186456.0,678166.0,0.88,,,49.07,17.348,29.1,6.211,3.857,13913.839,0.5,278.364,6.73,0.7,30.4,83.741,76.88,0.748
Algeria,4,0.0025049291400923,1,1,1,8,16,1,,0.0098617945695848,,,54.106735906027495,42.17,12.0,7335244.0,5906889.0,1.57,,,65.74,17.348,29.1,6.211,3.857,13913.839,0.5,278.364,6.73,0.7,30.4,83.741,76.88,0.748
Andorra,1,0.1934164765881531,18,8,12,3,7,12,,,,,56.75207487654162,41.11,-63.0,,,0.95,,,48.15,163.755,,,,,,109.135,7.97,29.0,37.8,,83.73,0.868
Andorra,2,0.1339230466427075,14,7,10,1,2,8,,,,,522.0156682265946,57.47,-23.0,,,1.23,0.0813,12.3,59.26,163.755,,,,,,109.135,7.97,29.0,37.8,,83.73,0.868
Andorra,3,0.0999219123510096,12,6,8,21,17,6,,,,,1217.2609044134756,54.14,-42.0,0.0,0.0,1.01,0.0899,11.1,52.78,163.755,,,,,,109.135,7.97,29.0,37.8,,83.73,0.868
Angola,1,0.0010247683908441,1,1,1,8,16,1,,,,,1.5919319638573093,75.91,-12.0,,,1.18,,,75.0,23.89,16.8,2.405,1.362,5819.495,,276.045,3.94,,,26.664,61.15,0.581
Angola,2,0.0020085696061052,1,1,1,8,16,1,,,,,9.330277287613155,80.32,2.0,622752.0,109439.0,1.03,,,33.33,23.89,16.8,2.405,1.362,5819.495,,276.045,3.94,,,26.664,61.15,0.581
Angola,3,0.0036698113766907,1,1,1,8,16,1,,,,,15.99593983675949,74.54,24.0,2044303.0,1000119.0,1.25,,,63.89,23.89,16.8,2.405,1.362,5819.495,,276.045,3.94,,,26.664,61.15,0.581
Angola,4,0.0017998540730015,1,1,1,8,16,1,,,,,26.439272849564997,70.89,24.0,8214821.0,4180976.0,0.95,,,73.15,23.89,16.8,2.405,1.362,5819.495,,276.045,3.94,,,26.664,61.15,0.581
Argentina,1,0.1257869541352208,14,7,9,6,22,8,,0.8330076622013817,0.5299597378168135,0.740519472699791,167.74217625674686,88.74,-40.0,,,1.07,0.412,2.4,87.96,16.177,31.9,11.198,7.441,18933.907,0.6,191.032,5.5,16.2,27.7,,76.67,0.845
Argentina,2,0.1235181759355598,14,7,9,6,22,8,,1.7035105363628675,3.375721122278618,2.2274787147246524,885.5290255369364,87.75,-20.0,13165275.0,3316463.0,0.89,0.248,4.0,77.78,16.177,31.9,11.198,7.441,18933.907,0.6,191.032,5.5,16.2,27.7,,76.67,0.845
Argentina,3,0.0529562844639378,8,4,5,15,3,4,,0.6378571438125347,7.325104734980882,2.0133174660612965,1837.1899570807,71.0,3.0,35916165.0,33761195.0,0.63,0.469,2.1,49.07,16.177,31.9,11.198,7.441,18933.907,0.6,191.032,5.5,16.2,27.7,,76.67,0.845
Armenia,1,0.0368174350297561,6,3,4,9,9,3,,,0.3262763600491623,0.3668979235396856,68.28546477779935,75.83,-15.0,,,1.03,0.266,3.8,,102.931,35.7,11.232,7.571,8787.58,1.8,341.01,7.11,1.5,52.1,94.043,75.09,0.776
Armenia,2,0.0953880579274209,11,6,8,14,17,6,,,1.5518400823684153,1.245566228949695,385.3708465403109,67.85,-17.0,,,0.83,0.437,2.3,,102.931,35.7,11.232,7.571,8787.58,1.8,341.01,7.11,1.5,52.1,94.043,75.09,0.776
Armenia,3,0.0688835322465877,9,4,6,4,12,4,,,3.1207986987084118,1.9776775125601047,694.5185652370787,44.3,-10.0,4473.0,2182.0,0.94,0.187,5.3,,102.931,35.7,11.232,7.571,8787.58,1.8,341.01,7.11,1.5,52.1,94.043,75.09,0.776
Armenia,4,0.1614711388794553,16,8,11,12,11,10,,,7.337820336589258,3.0278343791103346,1074.8053992280657,51.41,-4.0,614096.0,273455.0,0.93,0.152,6.6,,102.931,35.7,11.232,7.571,8787.58,1.8,341.01,7.11,1.5,52.1,94.043,75.09,0.776
Armenia,5,0.0637926360992517,9,4,6,4,12,4,,,9.65578977726028,1.0754253185846434,1399.750954136749,35.81,-1.0,1095723.0,896723.0,0.58,0.238,4.2,,102.931,35.7,11.232,7.571,8787.58,1.8,341.01,7.11,1.5,52.1,94.043,75.09,0.776
Australia,1,0.0065567991497822,2,1,1,5,1,1,0.1942747728545948,0.0120209939291266,2.3730958212427016,2.6196072415553195,9.954158521312271,31.75,-25.0,,,0.61,0.002,500.0,75.46,3.202,37.9,15.504,10.129,44648.71,0.5,107.791,5.07,13.0,16.5,,83.44,0.944
Australia,2,0.0055317129020591,2,1,1,5,1,1,0.5607212006940999,0.1136177813301322,15.348657877355382,6.907805995272957,49.42993926257097,58.8,-23.0,17821512.0,12883681.0,1.08,0.014,71.4,74.54,3.202,37.9,15.504,10.129,44648.71,0.5,107.791,5.07,13.0,16.5,,83.44,0.944
Australia,3,0.0296307926135412,5,3,3,13,21,2,1.920644610676264,0.1527829550992222,23.53891973221724,3.9847268231068473,978.4565563412158,58.4,-16.0,21824697.0,20178059.0,0.82,0.187,5.3,66.2,3.202,37.9,15.504,10.129,44648.71,0.5,107.791,5.07,13.0,16.5,,83.44,0.944
Australia,4,0.0189756453809893,3,2,2,11,13,2,0.977966022234108,0.0368385297828074,25.856780249677595,5.188958973006936,1794.6812685809182,22.35,-11.0,22304774.0,20966488.0,1.08,0.192,5.2,48.61,3.202,37.9,15.504,10.129,44648.71,0.5,107.791,5.07,13.0,16.5,,83.44,0.944
Australia,5,0.0179885095545768,3,2,2,11,13,2,1.1202790793950586,0.0418795917530863,27.67153541479816,2.863400753917962,2742.226808468379,20.17,-5.0,22304774.0,20966488.0,0.87,0.158,6.3,43.06,3.202,37.9,15.504,10.129,44648.71,0.5,107.791,5.07,13.0,16.5,,83.44,0.944
Austria,1,0.0221287664413155,4,2,3,19,8,2,1.2009193336069863,0.2941478294101827,0.1396505523786607,0.6117390196605755,14.28165119109966,41.26,-58.0,,,0.64,,,81.48,106.749,44.4,19.202,13.748,45436.686,0.7,145.183,6.35,28.4,30.9,,81.54,0.922
Austria,2,0.1419155288158714,15,7,10,1,18,9,4.4011592520771705,0.709935738651644,3.5489488527792323,3.170825135529165,322.6458884768362,58.51,-44.0,0.0,0.0,0.75,,,82.41,106.749,44.4,19.202,13.748,45436.686,0.7,145.183,6.35,28.4,30.9,,81.54,0.922
Austria,3,0.0745298912692501,10,5,6,2,14,5,3.651414032753472,0.7198881088196577,122.82478343642516,54.35697072853119,1278.3509851519484,50.34,-31.0,6457526.0,5943324.0,0.79,0.0255,39.1,62.04,106.749,44.4,19.202,13.748,45436.686,0.7,145.183,6.35,28.4,30.9,,81.54,0.922
Austria,4,0.0435575316662302,7,3,4,22,9,3,3.634826749140116,0.2620790810910275,192.90078526412265,58.21417765998103,4181.896373267846,32.1,-5.0,6819289.0,6410132.0,0.77,0.0828,12.1,40.74,106.749,44.4,19.202,13.748,45436.686,0.7,145.183,6.35,28.4,30.9,,81.54,0.922
Azerbaijan,1,0.0076544017681494,2,1,1,5,1,1,,,,,27.28070189167067,64.02,-21.0,,,0.85,,,96.3,119.309,32.4,6.018,3.871,15847.419,,559.812,7.11,0.3,42.5,83.241,73.0,0.756
Azerbaijan,2,0.0404774321200577,6,3,4,9,9,3,,,,,175.07578733533765,81.76,-20.0,0.0,0.0,0.99,,,80.09,119.309,32.4,6.018,3.871,15847.419,,559.812,7.11,0.3,42.5,83.241,73.0,0.756
Azerbaijan,3,0.0319543542210846,5,3,3,13,21,2,,,,,285.51714585755894,73.88,-10.0,813413.0,429778.0,1.04,,,72.22,119.309,32.4,6.018,3.871,15847.419,,559.812,7.11,0.3,42.5,83.241,73.0,0.756
Azerbaijan,4,0.0365586132580494,6,3,4,9,9,3,,,4.38314410627286,1.8684688688945612,419.36963091528565,48.31,-8.0,4204320.0,2731755.0,1.03,0.2443,4.1,63.89,119.309,32.4,6.018,3.871,15847.419,,559.812,7.11,0.3,42.5,83.241,73.0,0.756
Azerbaijan,5,0.0260798150487746,4,2,3,19,8,2,,,5.141988766102363,1.349264976313034,530.3059351225978,50.96,-4.0,5021160.0,4424698.0,1.06,0.1941,5.2,76.85,119.309,32.4,6.018,3.871,15847.419,,559.812,7.11,0.3,42.5,83.241,73.0,0.756
Azerbaijan,6,0.0249628980595781,4,2,3,19,8,2,,,6.274031275872161,1.5339403623706684,731.578630240751,55.63,-4.0,5292180.0,4764378.0,0.95,0.3682,2.7,79.63,119.309,32.4,6.018,3.871,15847.419,,559.812,7.11,0.3,42.5,83.241,73.0,0.756
Bahamas,1,0.0563306706238631,8,4,5,15,3,4,,,,,44.94676428647011,42.65,-72.0,,,1.18,,,80.09,39.497,34.3,8.996,5.2,27717.847,,235.954,13.17,3.1,20.4,,73.92,0.814
Bahamas,2,0.1869162233380531,18,8,12,3,7,11,,,,,470.9836387731348,66.01,-17.0,104329.0,58801.0,1.08,,,52.31,39.497,34.3,8.996,5.2,27717.847,,235.954,13.17,3.1,20.4,,73.92,0.814
Bahrain,1,0.0157431943693713,3,2,2,11,13,1,,,,,124.48700019161528,70.52,-21.0,,,1.05,0.0593,16.9,75.0,1935.907,32.4,2.372,1.387,43290.705,,151.689,16.52,5.8,37.6,,77.29,0.852
Bahrain,2,0.0164245477851277,3,2,2,11,13,1,,,8.968949748183231,5.948080844479907,438.2612774159967,58.82,-18.0,,,0.83,0.0456,21.9,60.19,1935.907,32.4,2.372,1.387,43290.705,,151.689,16.52,5.8,37.6,,77.29,0.852
Bahrain,3,0.1147343633654503,13,6,9,10,10,7,,,26.559968426381133,9.886775401176576,1388.724442957281,70.33,-22.0,959135.0,798397.0,0.9,0.1431,7.0,62.96,1935.907,32.4,2.372,1.387,43290.705,,151.689,16.52,5.8,37.6,,77.29,0.852
Bahrain,4,0.0104309977663952,2,1,2,5,1,1,,,53.001141111768895,,2775.0637049239403,66.01,-2.0,1230713.0,1156870.0,0.75,0.1691,5.9,38.89,1935.907,32.4,2.372,1.387,43290.705,,151.689,16.52,5.8,37.6,,77.29,0.852
Bangladesh,1,0.0025901162184842,1,1,1,8,16,1,,,0.0491981846154116,0.0880919555424373,9.403951548967456,64.3,-45.0,,,0.95,0.2152,4.6,74.54,1265.036,27.5,5.098,3.262,3523.984,14.8,298.003,8.38,1.0,44.7,34.808,72.59,0.632
Bangladesh,2,0.0055230234615515,2,1,1,5,1,1,,,0.3124140013558584,0.1452284580382899,43.48802196543147,68.18,-53.0,5729588.0,1522399.0,0.79,0.1999,5.0,83.33,1265.036,27.5,5.098,3.262,3523.984,14.8,298.003,8.38,1.0,44.7,34.808,72.59,0.632
Bangladesh,3,0.0142636797576844,3,2,2,11,13,1,,,0.4780427523669466,0.2977327704251361,78.76623446047381,64.99,-31.0,9887992.0,4419129.0,1.03,0.2943,3.4,93.52,1265.036,27.5,5.098,3.262,3523.984,14.8,298.003,8.38,1.0,44.7,34.808,72.59,0.632
Bangladesh,4,0.0018773825034608,1,1,1,8,16,1,,,0.7653335293123787,0.2334346625333079,111.93583220807136,52.81,32.0,100189795.0,66597640.0,0.82,0.26,3.8,68.52,1265.036,27.5,5.098,3.262,3523.984,14.8,298.003,8.38,1.0,44.7,34.808,72.59,0.632
Barbados,1,0.1023438392397847,12,6,8,21,17,6,,,,,583.2997344529871,57.69,-14.0,148700.0,124798.0,1.06,,,67.59,664.463,39.8,14.952,9.473,16978.068,,170.05,13.57,1.9,14.5,88.469,79.19,0.814
Barbados,2,0.1211518568826727,13,7,9,6,22,7,,,,,2060.1443129839977,57.69,8.0,161612.0,151177.0,1.19,0.1802,5.5,47.22,664.463,39.8,14.952,9.473,16978.068,,170.05,13.57,1.9,14.5,88.469,79.19,0.814
Belarus,1,0.0173370596874868,3,2,2,11,13,1,,,10.077241371714756,,629.261219076791,67.79,-11.0,2864916.0,2089710.0,0.99,0.0538,18.6,19.44,46.858,40.3,14.799,9.788,17167.967,,443.129,5.18,10.5,46.1,,74.79,0.823
Belgium,1,0.2420095355755775,19,9,13,7,4,14,4.774622186742575,1.0539587326154838,0.135192129111836,0.5758087757796501,26.29652828056691,14.13,-74.0,,,1.14,0.21,4.8,81.48,375.564,41.8,18.571,12.849,42658.576,0.2,114.898,4.29,25.1,31.4,,81.63,0.931
Belgium,2,0.1630625195253162,16,8,11,12,11,10,6.067569930505778,1.2637188718962162,4.612781063542364,3.3703468280742284,436.2624044323349,73.03,-56.0,,,0.75,0.219,4.6,65.74,375.564,41.8,18.571,12.849,42658.576,0.2,114.898,4.29,25.1,31.4,,81.63,0.931
Belgium,3,0.04060634194307,6,3,4,9,9,3,3.148121434614928,0.7023525975096658,21.8931660662426,7.389488644325378,1606.647470748347,56.84,-18.0,8923841.0,8388411.0,1.03,0.169,5.9,50.0,375.564,41.8,18.571,12.849,42658.576,0.2,114.898,4.29,25.1,31.4,,81.63,0.931
Belize,1,0.0989890049269599,12,6,8,21,17,6,,,,,136.20142499043007,,,,,0.95,,,66.67,16.426,25.0,3.853,2.279,7824.362,,176.957,17.11,,,90.083,74.62,0.716
Belize,2,0.0883138788387686,11,5,7,14,6,6,,,,,713.7053455663535,52.19,-2.0,226256.0,187697.0,0.92,0.1041,9.6,70.37,16.426,25.0,3.853,2.279,7824.362,,176.957,17.11,,,90.083,74.62,0.716
Benin,1,0.0005668190949809,1,1,1,8,16,1,,,,,0.8457130979755814,56.3,-13.0,,,1.07,,,41.67,99.11,18.8,3.244,1.942,2064.236,49.6,235.848,0.99,0.6,12.3,11.035,61.77,0.545
Benin,2,0.0007811821433903,1,1,1,8,16,1,,,,,4.130581636171334,55.15,-21.0,0.0,0.0,0.79,,,30.56,99.11,18.8,3.244,1.942,2064.236,49.6,235.848,0.99,0.6,12.3,11.035,61.77,0.545
Benin,3,0.0008385765580376,1,1,1,8,16,1,,,,,8.17843919913138,57.91,0.0,76844.0,66339.0,0.43,,,37.04,99.11,18.8,3.244,1.942,2064.236,49.6,235.848,0.99,0.6,12.3,11.035,61.77,0.545
Bolivia,1,0.1440950296697286,15,7,10,1,18,9,,,0.2170475695972664,0.2211623556486741,102.7673943305364,81.57,-37.0,,,0.86,0.3213,3.1,81.48,10.202,25.4,6.704,4.393,6885.829,7.1,204.299,6.89,,,25.383,71.51,0.718
Bolivia,2,0.0667554125451198,9,4,6,4,12,4,1.886260518944749,0.1960629213240061,1.3982015959521796,0.917354746108658,345.73498918611574,80.9,-13.0,1556720.0,535671.0,0.99,0.2391,4.2,27.78,10.202,25.4,6.704,4.393,6885.829,7.1,204.299,6.89,,,25.383,71.51,0.718
Bosnia and Herzegovina,1,0.1631718869457223,16,8,11,12,11,10,,,1.148756580058153,0.7323517776690315,222.73606011290477,46.99,-19.0,,,0.98,0.3273,3.1,50.0,68.496,42.5,16.569,10.711,11713.895,0.2,329.635,10.08,30.2,47.7,97.164,77.4,0.78
Bosnia and Herzegovina,2,0.2295314451322967,19,9,13,7,4,14,,,,,531.5770781860597,44.35,-29.0,0.0,10000.0,1.05,0.351,2.8,42.59,68.496,42.5,16.569,10.711,11713.895,0.2,329.635,10.08,30.2,47.7,97.164,77.4,0.78
Bosnia and Herzegovina,3,0.15054916966936,15,7,10,1,18,9,,,,,1076.2169832683664,22.47,-13.0,947928.0,850536.0,0.9,,,36.11,68.496,42.5,16.569,10.711,11713.895,0.2,329.635,10.08,30.2,47.7,97.164,77.4,0.78
Brazil,1,0.0493332975565358,7,4,5,15,3,3,,,,,98.199224713621,70.4,-33.0,,,1.06,,,81.02,25.04,33.5,8.552,5.06,14103.452,3.4,177.961,8.11,10.1,17.9,,75.88,0.765
Brazil,2,0.1366074297108947,15,7,10,1,2,8,,,1.9973342080143477,0.3045747556346831,625.5042181409664,68.93,-28.0,22693305.0,6851273.0,0.99,,,70.83,25.04,33.5,8.552,5.06,14103.452,3.4,177.961,8.11,10.1,17.9,,75.88,0.765
Brazil,3,0.0392836027950968,6,3,4,9,9,3,,,,,1275.709006426977,57.42,8.0,173919883.0,152092266.0,0.88,,,61.57,25.04,33.5,8.552,5.06,14103.452,3.4,177.961,8.11,10.1,17.9,,75.88,0.765
Bulgaria,1,0.1960897034866902,18,8,12,3,7,12,9.620605931426176,0.7148392952815531,1.424323820750784,1.3131003363224636,220.27055144849209,61.16,-30.0,0.0,0.0,0.93,0.3781,2.6,53.7,65.18,44.7,20.801,13.272,18563.307,1.5,424.688,5.81,30.1,44.4,,75.05,0.816
Bulgaria,2,0.1727980529691568,17,8,11,18,20,10,15.0826741369548,1.0642840623461665,3.1745984103888043,2.790338214685235,517.4378013689245,54.61,-19.0,414790.0,104845.0,0.9,0.1655,6.0,53.7,65.18,44.7,20.801,13.272,18563.307,1.5,424.688,5.81,30.1,44.4,,75.05,0.816
Bulgaria,3,0.2307527418726905,19,9,13,7,4,14,12.34801508847405,1.0483343011938395,8.550784402003579,,932.3403882026868,49.13,-10.0,1760964.0,1579989.0,0.87,0.1072,9.3,47.22,65.18,44.7,20.801,13.272,18563.307,1.5,424.688,5.81,30.1,44.4,,75.05,0.816
Burkina Faso,1,0.0013982378197391,1,1,1,8,16,1,,,,,7.108401660000883,32.63,28.0,385547.0,307142.0,0.1,,,13.89,70.151,17.6,2.409,1.358,1703.102,43.7,269.048,2.42,1.6,23.9,11.877,61.58,0.452
Cambodia,1,0.015939061771418,3,2,2,11,13,1,,,0.932201359506294,0.4292345427471931,36.50912999693269,80.05,-38.0,5032502.0,3866272.0,1.02,0.0355,28.2,68.98,90.672,25.6,4.412,2.385,3645.07,,270.892,4.0,2.0,33.7,66.229,69.82,0.594
Cambodia,2,0.0112792596571576,2,1,2,5,1,1,,,,,66.47470507975537,75.68,-34.0,13406617.0,11060573.0,0.85,0.2509,4.0,69.44,90.672,25.6,4.412,2.385,3645.07,,270.892,4.0,2.0,33.7,66.229,69.82,0.594
Cameroon,1,0.006259812960219,2,1,1,5,1,1,,,,,17.50974920826137,32.04,1.0,0.0,0.0,0.39,,,35.19,50.885,18.8,3.165,1.919,3364.926,23.8,244.661,7.2,,,2.735,59.29,0.563
Cameroon,2,0.0034476240836207,1,1,1,8,16,1,,,,,33.9046839910665,26.36,21.0,387945.0,84470.0,0.55,,,38.89,50.885,18.8,3.165,1.919,3364.926,23.8,244.661,7.2,,,2.735,59.29,0.563
Canada,1,0.0473246182946777,7,3,4,22,9,3,0.6054968130246594,0.1394875521544877,0.1208511220460128,0.5614176957901528,11.195517863035992,17.32,-55.0,,,1.08,0.1077,9.3,74.54,4.037,41.4,16.984,10.797,44017.591,0.5,105.599,7.37,12.0,16.6,,82.43,0.929
Canada,2,0.0398990241203924,6,3,4,9,9,3,1.196283074409674,0.2293269925251747,4.952152223317312,3.5591654315275965,172.40188607134831,84.9,-46.0,261086.0,2694.0,1.02,0.0792,12.6,75.46,4.037,41.4,16.984,10.797,44017.591,0.5,105.599,7.37,12.0,16.6,,82.43,0.929
Canada,3,0.0402028039729942,6,3,4,9,9,3,2.773989737761563,0.3112857802317663,14.551836608431882,4.23304004083439,748.3712070057531,78.75,-32.0,32189028.0,29701817.0,0.81,0.2047,4.9,70.83,4.037,41.4,16.984,10.797,44017.591,0.5,105.599,7.37,12.0,16.6,,82.43,0.929
Cape Verde,1,0.0389660382700867,6,3,4,9,9,3,,,,,419.18416233464615,61.45,-40.0,14281.0,1960.0,1.13,,,59.26,135.58,25.7,4.46,3.437,6222.554,,182.219,2.42,2.1,16.5,,72.98,0.665
Cape Verde,2,0.0317276100950167,5,3,3,13,21,2,,,,2.4043381307383327,972.3598996976336,45.43,-10.0,327019.0,271456.0,0.55,,,62.96,135.58,25.7,4.46,3.437,6222.554,,182.219,2.42,2.1,16.5,,72.98,0.665
Central African Republic,1,0.0048750477165894,1,1,1,5,16,1,,,,,6.022373636353104,56.9,-22.0,,,0.99,,,64.81,7.479,18.3,3.655,2.251,661.24,,435.727,6.1,,,16.603,53.28,0.397
Central African Republic,2,0.0017964515861525,1,1,1,8,16,1,,,,,12.550846170935005,58.93,-10.0,0.0,0.0,1.15,,,11.11,7.479,18.3,3.655,2.251,661.24,,435.727,6.1,,,16.603,53.28,0.397
Central African Republic,3,0.0010707432920046,1,1,1,8,16,1,,,,,25.7114500505794,70.28,19.0,613364.0,479653.0,0.5,,,18.52,7.479,18.3,3.655,2.251,661.24,,435.727,6.1,,,16.603,53.28,0.397
Chad,1,0.0016432830292193,1,1,1,8,16,1,,,,,0.1903637514310536,69.97,-25.0,,,1.18,,,88.89,11.833,16.7,2.486,1.446,1768.153,38.4,280.995,6.1,,,5.818,54.24,0.398
Chad,2,0.0006547054992954,1,1,1,8,16,1,,,,,2.5013323984620737,56.35,-6.0,0.0,0.0,0.93,,,22.22,11.833,16.7,2.486,1.446,1768.153,38.4,280.995,6.1,,,5.818,54.24,0.398
Chile,1,0.0899843396142546,11,5,7,14,6,6,,0.8619450330990015,0.4226320532582094,1.0526035268334002,104.95013575113774,93.31,-61.0,,,0.99,0.3116,3.2,78.24,24.282,35.4,11.087,6.938,22767.037,1.3,127.993,8.46,34.2,41.5,,80.18,0.851
Chile,2,0.0593501339918537,8,4,5,4,12,4,,1.5318262273009429,8.729570054946914,2.0975036801825824,811.2261261785511,93.97,-20.0,12880250.0,10884341.0,0.75,0.068,14.7,84.72,24.282,35.4,11.087,6.938,22767.037,1.3,127.993,8.46,34.2,41.5,,80.18,0.851
Chile,3,0.0640654182447738,9,4,6,4,12,4,,0.5761915166911804,17.083972288258988,2.668646364252349,1593.2549053572902,86.55,9.0,16869348.0,15857187.0,0.83,0.2582,3.9,30.09,24.282,35.4,11.087,6.938,22767.037,1.3,127.993,8.46,34.2,41.5,,80.18,0.851
Colombia,1,0.0610104334385151,8,4,5,4,12,4,,,0.3811586744475722,0.6902451868486854,77.56100207153531,88.55,-42.0,,,1.12,0.317,3.2,87.04,44.223,32.2,7.646,4.312,13254.949,4.5,124.24,7.44,4.7,13.5,65.386,77.29,0.767
Colombia,2,0.0740228798158212,10,5,6,2,14,5,,,1.830674152014789,1.5341404425609635,384.7288879938593,87.63,-28.0,0.0,0.0,0.95,0.256,3.9,81.02,44.223,32.2,7.646,4.312,13254.949,4.5,124.24,7.44,4.7,13.5,65.386,77.29,0.767
Colombia,3,0.1243639426689596,14,7,9,6,22,8,,,3.752744834518564,2.328587567694442,791.9528716987204,83.26,3.0,10952297.0,5566656.0,1.06,0.331,3.0,59.26,44.223,32.2,7.646,4.312,13254.949,4.5,124.24,7.44,4.7,13.5,65.386,77.29,0.767
Colombia,4,0.0471871923060815,7,3,4,22,9,3,,,6.251791129301868,1.1570667493780116,1145.3975757463922,73.0,31.0,40439537.0,31568206.0,0.76,0.407,2.5,62.04,44.223,32.2,7.646,4.312,13254.949,4.5,124.24,7.44,4.7,13.5,65.386,77.29,0.767
Congo,1,0.0044394295580161,1,1,1,5,16,1,,,,,8.180990087178454,42.98,-4.0,,,0.51,,,62.04,15.405,19.0,3.402,2.063,4881.406,37.0,344.094,7.2,1.7,52.3,47.964,64.57,0.574
Congo,2,0.0071735926213408,2,1,1,5,1,1,,,,,31.235543396811423,40.86,20.0,371121.0,124070.0,0.84,,,47.22,15.405,19.0,3.402,2.063,4881.406,37.0,344.094,7.2,1.7,52.3,47.964,64.57,0.574
Costa Rica,1,0.0311226457481563,5,3,3,13,21,2,,,0.8874417134830094,0.478687415755393,345.6162059430016,85.96,-34.0,14052.0,42.0,1.03,0.28,3.6,63.89,96.079,33.6,9.468,5.694,15524.995,1.3,137.973,8.78,6.4,17.4,83.841,80.28,0.81
Costa Rica,2,0.0574164507741017,8,4,5,15,3,4,,,1.859601370135704,1.325341458825196,577.2114045136332,86.92,-33.0,784297.0,555847.0,1.1,0.289,3.5,56.48,96.079,33.6,9.468,5.694,15524.995,1.3,137.973,8.78,6.4,17.4,83.841,80.28,0.81
Costa Rica,3,0.0638404524724691,9,4,6,4,12,4,,,3.60047269409364,1.5399724423935697,1003.9417768215272,84.56,-22.0,3317464.0,2056899.0,1.0,0.303,3.3,54.63,96.079,33.6,9.468,5.694,15524.995,1.3,137.973,8.78,6.4,17.4,83.841,80.28,0.81
Costa Rica,4,0.0338608185009961,5,3,3,13,21,2,,,5.3484056303758685,2.520114114409795,1473.2150067337311,76.77,-10.0,4111822.0,3732847.0,0.97,0.398,2.5,50.0,96.079,33.6,9.468,5.694,15524.995,1.3,137.973,8.78,6.4,17.4,83.841,80.28,0.81
Cote d'Ivoire,1,0.0008533374239736,1,1,1,8,16,1,,,0.1896270552094878,0.110964780362738,16.05034208164827,29.89,7.0,2488901.0,2339567.0,0.83,0.1075,9.3,25.93,76.399,18.7,2.933,1.582,3601.006,28.2,303.74,2.42,,,19.351,57.78,0.538
Cote d'Ivoire,2,0.0024979974276279,1,1,1,8,16,1,,,,,21.49360442549131,30.75,35.0,6315293.0,5991319.0,0.88,0.0389,25.7,17.59,76.399,18.7,2.933,1.582,3601.006,28.2,303.74,2.42,,,19.351,57.78,0.538
Cote d'Ivoire,3,0.0010281309734823,1,1,1,8,16,1,,,,,29.233785973778232,31.74,43.0,6315788.0,5991795.0,0.66,0.0463,21.6,15.74,76.399,18.7,2.933,1.582,3601.006,28.2,303.74,2.42,,,19.351,57.78,0.538
Croatia,1,0.1801706810983872,17,8,12,18,20,11,7.1490573558728725,,2.281813488982538,2.6579891450947497,466.0729698747347,37.78,-27.0,0.0,0.0,0.82,0.3123,3.2,56.48,73.726,44.0,19.724,13.053,22669.797,0.7,253.782,5.59,34.3,39.9,,78.49,0.851
Croatia,2,0.1069925134571572,12,6,8,10,10,7,5.581066708937081,,4.37211407033957,2.947822416239287,802.9508603981177,23.61,-4.0,648709.0,177130.0,0.93,0.2352,4.3,49.07,73.726,44.0,19.724,13.053,22669.797,0.7,253.782,5.59,34.3,39.9,,78.49,0.851
Croatia,3,0.1579307828168805,16,8,11,12,11,10,6.139663376907957,,,,1469.9348818384296,31.08,5.0,2184481.0,1930331.0,0.98,0.4122,2.4,40.74,73.726,44.0,19.724,13.053,22669.797,0.7,253.782,5.59,34.3,39.9,,78.49,0.851
Cuba,1,0.0725237935451811,10,5,6,2,14,5,,,,,411.90111100527696,75.43,-12.0,4702518.0,2847661.0,1.01,,,71.76,110.408,43.1,14.738,9.719,,,190.968,8.27,17.1,53.3,85.198,78.8,0.783
Cyprus,1,0.0319895559288173,5,3,3,13,21,2,2.2879336610844807,0.3906228201851552,12.951925491487213,14.33250930519361,310.3442503111032,78.18,-42.0,6734.0,605.0,0.79,0.0411,24.3,84.26,127.657,37.3,13.416,8.563,32415.132,,141.171,9.24,19.6,52.7,,80.98,0.887
Cyprus,2,0.0276876236628143,5,2,3,13,21,2,2.935251477391309,0.3571408641692847,59.82515722568513,69.70831635984175,758.7792478836614,57.31,-25.0,243740.0,75564.0,0.77,0.0157,63.7,75.0,127.657,37.3,13.416,8.563,32415.132,,141.171,9.24,19.6,52.7,,80.98,0.887
Cyprus,3,0.0349150932193458,6,3,4,9,21,2,2.24329105306332,0.5468719482592174,124.57053253051043,53.63809353742446,1252.6715810737662,45.32,-11.0,569639.0,504059.0,0.8,0.0084,119.7,56.48,127.657,37.3,13.416,8.563,32415.132,,141.171,9.24,19.6,52.7,,80.98,0.887
Cyprus,4,0.056023886529651,8,4,5,15,3,4,1.953114100925776,0.156249128074062,272.8004531224714,109.01613272247366,3328.4970507977077,49.79,-15.0,691471.0,642668.0,0.96,0.0241,41.5,38.89,127.657,37.3,13.416,8.563,32415.132,,141.171,9.24,19.6,52.7,,80.98,0.887
Czechia,1,0.1833441376997251,18,8,12,3,7,11,7.592857250087719,1.130117031451101,1.9743937113276424,3.8192734000195614,376.23665993351887,57.75,-38.0,,,0.9,0.302,3.3,73.15,137.176,43.3,19.027,11.58,32605.906,,227.485,6.82,30.5,38.3,,79.38,0.9
Czechia,2,0.1964609320313863,18,8,12,3,7,12,8.40314743187898,1.7091621441005511,8.908686450614772,19.173293283179262,1283.9677327344086,58.0,-43.0,779853.0,303889.0,0.98,0.067,14.9,81.48,137.176,43.3,19.027,11.58,32605.906,,227.485,6.82,30.5,38.3,,79.38,0.9
Czechia,3,0.1061479792211386,12,6,8,10,10,7,6.217508552570909,0.8998044021042183,41.953565803628365,4.478415091053212,2089.337429727841,36.23,-7.0,6724767.0,6321281.0,0.96,0.145,6.9,52.78,137.176,43.3,19.027,11.58,32605.906,,227.485,6.82,30.5,38.3,,79.38,0.9
Democratic Republic of Congo,1,0.001778405780572,1,1,1,8,16,1,,,,,1.7362361634513226,33.82,1.0,0.0,0.0,1.15,,,26.85,35.879,17.0,3.02,1.745,808.133,77.1,318.949,6.1,,,4.472,60.68,0.48
Denmark,1,0.0241903016564424,4,2,3,19,8,2,0.8016098251905716,0.2184644802557995,0.1110866079209371,1.0923224012789976,8.723097475410704,0.56,-55.0,,,1.2,0.0638,15.7,72.22,136.52,42.3,19.677,12.325,46682.515,0.2,114.767,6.41,19.3,18.8,,80.9,0.94
Denmark,2,0.0508184058732885,7,4,5,15,3,3,1.3623926642723878,0.2219048657716389,20.19842079424052,17.358121081615923,322.2265074135147,18.4,-49.0,146107.0,17.0,0.71,0.0158,63.2,70.37,136.52,42.3,19.677,12.325,46682.515,0.2,114.767,6.41,19.3,18.8,,80.9,0.94
Denmark,3,0.0716393632052833,9,5,6,2,14,5,2.676619931323025,0.0636471320430282,108.54901396830924,7.922347746599093,4926.740430825716,3.1,-16.0,4852394.0,4561250.0,0.7,0.2783,3.6,13.89,136.52,42.3,19.677,12.325,46682.515,0.2,114.767,6.41,19.3,18.8,,80.9,0.94
Djibouti,1,0.0132397519050645,3,2,2,11,13,1,,,,,43.6341358036394,35.66,-19.0,,,0.63,,,59.26,41.285,25.4,4.213,2.38,2705.406,22.5,258.037,6.05,1.7,24.5,,67.11,0.524
Djibouti,2,0.027793173088724,5,2,3,13,21,2,,,,,101.79635341155482,31.72,-7.0,9748.0,0.0,0.82,,,37.96,41.285,25.4,4.213,2.38,2705.406,22.5,258.037,6.05,1.7,24.5,,67.11,0.524
Djibouti,3,0.0091798251242021,2,1,2,5,1,1,,,,,128.41786594851112,35.69,16.0,49631.0,26284.0,0.88,,,43.52,41.285,25.4,4.213,2.38,2705.406,22.5,258.037,6.05,1.7,24.5,,67.11,0.524
Dominican Republic,1,0.0188294867384706,3,2,2,11,13,2,,,0.3468494795463894,0.3476446436341135,87.30098302730927,88.09,-31.0,,,0.98,0.1435,7.0,78.7,222.873,27.6,6.981,4.419,14600.861,1.6,266.653,8.2,8.5,19.1,55.182,74.08,0.756
Dominican Republic,2,0.0189331121845978,3,2,2,11,13,2,,,0.990283295693132,0.7125437089191848,199.88471490126545,85.97,-30.0,0.0,0.0,0.92,0.2019,5.0,70.37,222.873,27.6,6.981,4.419,14600.861,1.6,266.653,8.2,8.5,19.1,55.182,74.08,0.756
Egypt,1,0.008064383282306,2,1,1,5,1,1,,,,,5.71282905776917,46.38,-34.0,,,1.0,,,71.3,97.999,25.3,5.159,2.891,10550.206,1.3,525.432,17.31,0.2,50.1,89.827,71.99,0.707
Egypt,2,0.0058896286020396,2,1,1,5,1,1,,,,,22.55359420835517,41.46,-18.0,1025850.0,231087.0,1.09,,,65.74,97.999,25.3,5.159,2.891,10550.206,1.3,525.432,17.31,0.2,50.1,89.827,71.99,0.707
Egypt,3,0.0059497005452619,2,1,1,5,1,1,,,,,33.17221846462201,28.19,19.0,22584248.0,13926087.0,1.04,,,43.52,97.999,25.3,5.159,2.891,10550.206,1.3,525.432,17.31,0.2,50.1,89.827,71.99,0.707
Egypt,4,0.0054020467554596,2,1,1,5,1,1,,,,,43.43259795450199,25.52,21.0,39645071.0,29052499.0,1.01,,,43.52,97.999,25.3,5.159,2.891,10550.206,1.3,525.432,17.31,0.2,50.1,89.827,71.99,0.707
El Salvador,1,0.0160837103321316,3,2,2,11,13,1,,,0.381718186699394,0.3744726547518601,28.68911559407839,88.22,-51.0,,,1.02,0.168,6.0,89.81,307.811,27.6,8.273,5.417,7292.458,2.2,167.295,8.87,2.5,18.8,90.65,73.32,0.673
El Salvador,2,0.0154451949221446,3,2,2,11,13,1,,,1.0169348776559024,0.3738590166449336,78.90925826493825,88.3,-6.0,0.0,0.0,1.0,0.13,7.7,47.22,307.811,27.6,8.273,5.417,7292.458,2.2,167.295,8.87,2.5,18.8,90.65,73.32,0.673
El Salvador,3,0.0172335455089361,3,2,2,11,13,1,,,,,134.23026769962414,84.51,14.0,2904060.0,1497789.0,0.88,,,32.41,307.811,27.6,8.273,5.417,7292.458,2.2,167.295,8.87,2.5,18.8,90.65,73.32,0.673
El Salvador,4,0.0216269910255426,4,2,3,19,8,2,,,1.452171511850886,0.3844442739894148,164.66211551737362,83.07,21.0,4168284.0,3530340.0,0.32,0.135,7.4,31.48,307.811,27.6,8.273,5.417,7292.458,2.2,167.295,8.87,2.5,18.8,90.65,73.32,0.673
El Salvador,5,0.0112485913952596,2,1,2,5,1,1,,,2.0047342179949377,0.7148883945693028,207.270077471811,81.51,32.0,4554487.0,4223187.0,0.3,0.198,5.1,32.41,307.811,27.6,8.273,5.417,7292.458,2.2,167.295,8.87,2.5,18.8,90.65,73.32,0.673
Estonia,1,0.0829647940518628,10,5,7,2,6,5,5.478467960772359,0.5433191366055231,8.552024316549803,3.332357371180542,775.2711313413644,62.24,-38.0,193476.0,65914.0,0.85,0.1991,5.0,61.11,31.033,42.7,19.452,13.491,29481.252,0.5,255.569,4.02,24.5,39.3,,78.74,0.892
Estonia,2,0.0806662266033196,10,5,7,2,14,5,4.497475075234608,0.4225815506931846,16.58517885764133,6.4353133291276405,1529.058518489452,52.7,-15.0,806640.0,758242.0,0.95,0.2161,4.6,32.41,31.033,42.7,19.452,13.491,29481.252,0.5,255.569,4.02,24.5,39.3,,78.74,0.892
Estonia,3,0.0694588707036284,9,4,6,4,12,4,4.912510526808272,0.1660141806294654,23.63502386076541,6.488890632876241,3766.1297868679767,67.27,-17.0,857939.0,806463.0,0.8,0.5939,1.7,54.63,31.033,42.7,19.452,13.491,29481.252,0.5,255.569,4.02,24.5,39.3,,78.74,0.892
Eswatini,1,0.11665865721458,13,6,9,6,10,7,,,,,119.56133265209162,53.14,-29.0,0.0,0.0,0.98,,,75.0,79.492,21.5,3.163,1.845,7738.975,,333.436,3.94,1.7,16.5,24.097,60.19,0.611
Eswatini,2,0.0910502417754137,11,5,7,14,6,6,,,,,347.27973871707627,53.14,6.0,135171.0,124628.0,0.75,,,62.96,79.492,21.5,3.163,1.845,7738.975,,333.436,3.94,1.7,16.5,24.097,60.19,0.611
Eswatini,3,0.0335021590045455,5,3,3,13,21,2,,,,,565.0183517305559,53.14,54.0,335457.0,301950.0,0.54,,,60.19,79.492,21.5,3.163,1.845,7738.975,,333.436,3.94,1.7,16.5,24.097,60.19,0.611
Ethiopia,1,0.0016109469198649,1,1,1,8,16,1,,,0.0570629908018941,0.180918584889204,2.889301868215564,59.42,-10.0,,,1.41,0.0652,15.3,80.56,104.957,19.8,3.526,2.063,1729.927,26.7,182.634,7.47,0.4,8.5,7.96,66.6,0.485
Ethiopia,2,0.0024050437948361,1,1,1,8,16,1,,,0.2087688148414253,0.0644828924197148,19.72509706919189,61.55,-8.0,590371.0,272000.0,0.95,0.2427,4.1,43.52,104.957,19.8,3.526,2.063,1729.927,26.7,182.634,7.47,0.4,8.5,7.96,66.6,0.485
Ethiopia,3,0.0035563447128006,1,1,1,8,16,1,,,,,29.44478388712581,46.01,16.0,2856031.0,2684669.0,0.9,0.1494,6.7,43.52,104.957,19.8,3.526,2.063,1729.927,26.7,182.634,7.47,0.4,8.5,7.96,66.6,0.485
Ethiopia,4,0.0012589176803132,1,1,1,8,16,1,,,,,38.79679690457685,41.21,20.0,9477548.0,8908895.0,0.63,0.2438,4.1,40.74,104.957,19.8,3.526,2.063,1729.927,26.7,182.634,7.47,0.4,8.5,7.96,66.6,0.485
Finland,1,0.0616621638354101,8,4,5,4,12,4,1.371576218634656,0.039651349290358,19.39033166731581,0.8314167012564612,1843.8111723444092,43.39,1.0,4512006.0,4241285.0,0.82,0.352,2.8,26.85,18.136,42.8,21.228,13.264,40585.721,,153.507,5.76,18.3,22.6,,81.91,0.938
France,1,0.1143473245973124,13,6,9,10,10,7,4.613924238379164,1.0196968348610245,,,8.384503574500904,29.85,-81.0,,,0.94,,,87.96,122.578,42.0,19.718,13.079,38605.671,,86.06,4.77,30.1,35.6,,82.66,0.901
France,2,0.0866513220313844,11,5,7,14,6,5,4.901960784313726,0.7237993533268072,3.5511112099908044,0.3942036723918009,299.85271869716115,78.68,-51.0,,,0.8,0.106,9.4,78.7,122.578,42.0,19.718,13.079,38605.671,,86.06,4.77,30.1,35.6,,82.66,0.901
France,3,0.0443205568063836,7,3,4,22,9,3,4.946753285277802,0.5272759633354098,35.68616282519059,8.981237578238558,3128.294770253033,54.39,-12.0,53971493.0,50733203.0,0.71,0.281,3.6,72.22,122.578,42.0,19.718,13.079,38605.671,,86.06,4.77,30.1,35.6,,82.66,0.901
Gabon,1,0.005068471631702,1,1,1,5,1,1,,,,,19.044869097242486,86.45,-23.0,,,1.02,,,84.26,7.859,23.1,4.45,2.976,16562.413,3.4,259.967,7.2,,,,66.47,0.703
Gabon,2,0.0051704317743893,2,1,1,5,1,1,,,,,74.3583656342797,62.63,-18.0,0.0,0.0,1.17,,,65.74,7.859,23.1,4.45,2.976,16562.413,3.4,259.967,7.2,,,,66.47,0.703
Gabon,3,0.0086702197839328,2,1,1,5,1,1,,,,,155.89146882017036,81.25,8.0,133149.0,100155.0,0.98,0.029,34.5,51.85,7.859,23.1,4.45,2.976,16562.413,3.4,259.967,7.2,,,,66.47,0.703
Gambia,1,0.0174009412100105,3,2,2,11,13,1,,,,,6.7914868772309065,53.26,-9.0,,,1.2,,,77.78,207.566,17.5,2.339,1.417,1561.767,10.1,331.43,1.91,0.7,31.2,7.876,62.05,0.496
Gambia,2,0.0153917029462346,3,2,2,11,13,1,,,0.394449075308301,,37.46777662642842,42.3,16.0,156852.0,134838.0,0.82,0.1516,6.6,43.06,207.566,17.5,2.339,1.417,1561.767,10.1,331.43,1.91,0.7,31.2,7.876,62.05,0.496
Georgia,1,0.1074876686936667,12,6,8,10,10,7,,,0.4446535015941864,4.508548603148974,498.4882303588672,70.74,-40.0,0.0,0.0,0.8,0.2078,4.8,84.26,65.032,38.7,14.864,10.244,9745.079,4.2,496.218,7.11,5.3,55.5,,73.77,0.812
Georgia,2,0.058239341942367,8,4,5,15,3,4,,,7.806545750222438,7.458968137127418,835.326537468343,57.86,-4.0,78228.0,15077.0,0.91,0.0372,26.9,64.81,65.032,38.7,14.864,10.244,9745.079,4.2,496.218,7.11,5.3,55.5,,73.77,0.812
Georgia,3,0.1798850332167186,17,8,12,18,20,11,,,16.18074447964746,10.990827868825685,1381.5134682304745,45.92,-11.0,812997.0,408663.0,0.84,0.0972,10.3,50.93,65.032,38.7,14.864,10.244,9745.079,4.2,496.218,7.11,5.3,55.5,,73.77,0.812
Georgia,4,0.1846541536916804,18,8,12,3,7,11,,,23.16270048568097,9.75357137203554,1970.190259595208,40.83,0.0,1095027.0,967676.0,0.96,0.096,10.4,47.22,65.032,38.7,14.864,10.244,9745.079,4.2,496.218,7.11,5.3,55.5,,73.77,0.812
Germany,1,0.0251477761787535,4,2,3,19,8,2,,0.3436214321132952,,,15.951042753979294,40.25,-49.0,,,0.74,,,76.85,237.016,46.6,21.453,15.957,45229.245,,156.139,8.31,28.2,33.1,,81.33,0.947
Germany,2,0.1007731456954514,12,6,8,21,17,6,,0.6179941468981742,,,232.82658329772664,60.41,-48.0,938534.0,2205.0,0.95,,,83.33,237.016,46.6,21.453,15.957,45229.245,,156.139,8.31,28.2,33.1,,81.33,0.947
Germany,3,0.0434662415303961,7,3,4,22,9,3,,0.5870050479216022,,,778.4945569614264,53.5,-12.0,61001408.0,57341324.0,0.89,,,63.89,237.016,46.6,21.453,15.957,45229.245,,156.139,8.31,28.2,33.1,,81.33,0.947
Germany,4,0.0310026960754487,5,3,3,13,21,2,,0.2636457189852962,14.578979300366502,,2582.6645240167963,41.91,-11.0,64034776.0,60192689.0,0.97,0.516,1.9,33.33,237.016,46.6,21.453,15.957,45229.245,,156.139,8.31,28.2,33.1,,81.33,0.947
Ghana,1,0.0011608630776353,1,1,1,8,16,1,,,0.0874665575532784,0.2284750647671659,4.460463540295816,54.94,-14.0,,,1.2,0.1015,9.9,56.48,126.719,21.1,3.385,1.948,4227.63,12.0,298.245,4.97,0.3,7.7,41.047,64.07,0.611
Ghana,2,0.002760264403005,1,1,1,8,16,1,,,0.2640620257172794,0.1627687875203327,23.180607364246104,71.44,-15.0,0.0,0.0,1.11,0.1333,7.5,38.89,126.719,21.1,3.385,1.948,4227.63,12.0,298.245,4.97,0.3,7.7,41.047,64.07,0.611
Ghana,3,0.002149910856593,1,1,1,8,16,1,,,0.5090011612205775,0.1736410492230461,36.883753903929794,56.29,7.0,865422.0,623993.0,1.05,0.1089,9.2,44.44,126.719,21.1,3.385,1.948,4227.63,12.0,298.245,4.97,0.3,7.7,41.047,64.07,0.611
Ghana,4,0.0010943213417644,1,1,1,8,16,1,,,,,49.055959940663286,44.17,16.0,7091109.0,3615614.0,0.96,0.0576,17.4,51.85,126.719,21.1,3.385,1.948,4227.63,12.0,298.245,4.97,0.3,7.7,41.047,64.07,0.611
Greece,1,0.0935522301527556,11,5,7,14,6,6,,,2.5241026514290628,2.9817524234271646,103.62802216658068,89.95,-52.0,0.0,0.0,0.87,0.0698,14.3,80.56,83.479,45.3,20.396,14.524,24574.382,1.5,175.695,4.55,35.3,52.0,,82.24,0.888
Greece,2,0.076245207408878,10,5,6,2,14,5,,,7.177534077342741,10.560087908807342,302.23859477046346,85.99,-34.0,1721650.0,770197.0,0.98,0.0513,19.5,87.96,83.479,45.3,20.396,14.524,24574.382,1.5,175.695,4.55,35.3,52.0,,82.24,0.888
Greece,3,0.0995041832570016,12,6,8,21,17,6,,,54.802499762071136,17.159805364068763,1852.3178706413337,73.07,-23.0,7753821.0,7288592.0,0.96,0.0735,13.6,77.78,83.479,45.3,20.396,14.524,24574.382,1.5,175.695,4.55,35.3,52.0,,82.24,0.888
Guatemala,1,0.0209695026232518,4,2,2,11,8,2,,,0.052015170739865,0.1779738900029304,16.297104176315138,89.91,-52.0,,,1.19,0.3334,3.0,96.3,157.834,22.9,4.694,3.016,7423.808,8.7,155.898,10.18,,,76.665,74.3,0.663
Guatemala,2,0.0329657558345079,5,3,3,13,21,2,,,1.234411668073435,0.1250967952206558,267.34330352416794,84.91,-8.0,3487476.0,1452326.0,0.97,0.318,3.1,66.2,157.834,22.9,4.694,3.016,7423.808,8.7,155.898,10.18,,,76.665,74.3,0.663
Guatemala,3,0.0128022253914384,3,2,2,11,13,1,,,2.1181583340767176,0.8228004717623163,415.5114984941261,75.12,10.0,7137663.0,5550280.0,0.96,0.2664,3.8,61.57,157.834,22.9,4.694,3.016,7423.808,8.7,155.898,10.18,,,76.665,74.3,0.663
Guatemala,4,0.0113828343580348,2,1,2,5,1,1,,,,,469.3601071525558,65.95,17.0,8499066.0,6447028.0,1.1,,,37.5,157.834,22.9,4.694,3.016,7423.808,8.7,155.898,10.18,,,76.665,74.3,0.663
Guinea,1,0.0010130713174852,1,1,1,8,16,1,,,,,14.448142238296622,53.08,0.0,0.0,2652.0,1.03,,,61.11,51.755,19.0,3.135,1.733,1998.926,35.3,336.717,2.42,,,17.45,61.6,0.477
Guinea,2,0.0031338758917843,1,1,1,8,16,1,,,,,19.981126507595597,48.75,18.0,590168.0,342847.0,1.14,,,64.81,51.755,19.0,3.135,1.733,1998.926,35.3,336.717,2.42,,,17.45,61.6,0.477
Guinea,3,0.000922097902704,1,1,1,8,16,1,,,,,26.855866871123325,44.41,36.0,3392333.0,1875293.0,0.58,,,60.19,51.755,19.0,3.135,1.733,1998.926,35.3,336.717,2.42,,,17.45,61.6,0.477
Guinea-Bissau,1,0.0028633135262392,1,1,1,8,16,1,,,,,7.72020699680971,38.84,-14.0,,,1.02,,,,66.191,19.4,3.002,1.565,1548.675,67.1,382.474,2.42,,,6.403,58.32,0.48
Guinea-Bissau,2,0.0033749343018323,1,1,1,8,16,1,,,,,17.936085021508415,58.92,0.0,0.0,0.0,0.8,,,,66.191,19.4,3.002,1.565,1548.675,67.1,382.474,2.42,,,6.403,58.32,0.48
Guinea-Bissau,3,0.0094451903060794,2,1,2,5,1,1,,,,,27.37795771747813,58.92,16.0,28097.0,2949.0,1.0,,,,66.191,19.4,3.002,1.565,1548.675,67.1,382.474,2.42,,,6.403,58.32,0.48
Guinea-Bissau,4,0.0028638918942788,1,1,1,8,16,1,,,,,38.94338349483252,58.92,36.0,498454.0,330085.0,0.83,,,,66.191,19.4,3.002,1.565,1548.675,67.1,382.474,2.42,,,6.403,58.32,0.48
Guyana,1,0.0237829551364052,4,2,3,19,8,2,,,,,40.3376315433193,54.01,-30.0,,,1.01,,,80.56,3.952,26.3,5.305,2.837,7435.047,,373.159,11.62,,,77.159,69.91,0.682
Guyana,2,0.0443463575548916,7,3,4,22,9,3,,,,,212.84806707080216,48.39,-17.0,198845.0,64579.0,0.98,0.1209,8.3,60.19,3.952,26.3,5.305,2.837,7435.047,,373.159,11.62,,,77.159,69.91,0.682
Guyana,3,0.0757750340174787,10,5,6,2,14,5,,,,,367.8468081014362,48.39,-13.0,346136.0,177300.0,1.12,0.2649,3.8,78.7,3.952,26.3,5.305,2.837,7435.047,,373.159,11.62,,,77.159,69.91,0.682
Guyana,4,0.0660197206353303,9,4,6,4,12,4,,,5.601401441678085,,703.858772738948,48.39,-3.0,422813.0,306831.0,1.07,0.3388,3.0,77.78,3.952,26.3,5.305,2.837,7435.047,,373.159,11.62,,,77.159,69.91,0.682
Haiti,1,0.0046976507758877,1,1,1,5,16,1,,,,,15.89109664509067,61.7,-10.0,0.0,0.0,1.12,,,50.93,398.448,24.3,4.8,2.954,1653.173,23.5,430.548,6.65,2.9,23.1,22.863,64.0,0.51
Haiti,2,0.0060275501900372,2,1,1,5,1,1,,,,,25.406173432418825,40.87,18.0,144489.0,94505.0,0.84,0.2326,4.3,43.52,398.448,24.3,4.8,2.954,1653.173,23.5,430.548,6.65,2.9,23.1,22.863,64.0,0.51
Honduras,1,0.0314443715160716,5,3,3,13,21,2,,,,,39.0301335765479,84.27,-47.0,,,1.08,,,96.3,82.805,24.9,4.652,2.883,4541.795,16.0,240.208,7.21,2.0,,84.169,75.27,0.634
Honduras,2,0.0433467874471553,7,3,4,22,9,3,,,,,217.91526458229032,84.28,-15.0,99615.0,5179.0,1.05,,,78.7,82.805,24.9,4.652,2.883,4541.795,16.0,240.208,7.21,2.0,,84.169,75.27,0.634
Honduras,3,0.0374501611349465,6,3,4,9,9,3,,,,,304.02085105089003,81.4,-8.0,2027673.0,502915.0,1.03,,,78.7,82.805,24.9,4.652,2.883,4541.795,16.0,240.208,7.21,2.0,,84.169,75.27,0.634
Honduras,4,0.0140026805143677,3,2,2,11,13,1,,,,,405.8990793396081,73.14,6.0,5211886.0,4561876.0,0.6,,,34.26,82.805,24.9,4.652,2.883,4541.795,16.0,240.208,7.21,2.0,,84.169,75.27,0.634
Hong Kong,1,0.352125495577799,21,10,15,20,19,21,,,,,1180.048458849698,84.28,-39.0,6425394.0,5410982.0,,,,75.0,7039.714,44.8,16.303,10.158,56054.92,,,8.33,,,,84.86,0.949
Hungary,1,0.1665173047744059,16,8,11,12,11,10,7.936341531313257,,2.006708004287244,2.619740045890862,291.04762822132324,80.99,-8.0,0.0,0.0,0.85,0.1738,5.8,72.22,108.043,43.4,18.577,11.976,26777.561,0.5,278.296,7.55,26.8,34.8,,76.88,0.854
Hungary,2,0.2586565189582654,20,9,14,17,15,15,12.105879058292771,,4.54089416391379,3.116306327421108,725.0137583320687,83.61,-21.0,2708933.0,1126139.0,0.81,0.2089,4.8,70.37,108.043,43.4,18.577,11.976,26777.561,0.5,278.296,7.55,26.8,34.8,,76.88,0.854
Hungary,3,0.1870671920401587,18,8,12,3,7,11,7.74639247295198,,,,1177.9633765759804,55.27,12.0,6176566.0,5805972.0,0.96,0.2647,3.8,35.19,108.043,43.4,18.577,11.976,26777.561,0.5,278.296,7.55,26.8,34.8,,76.88,0.854
Iceland,1,0.0103570416928783,2,1,2,5,1,1,1.165968893034556,,0.8374097051996789,5.301091129959436,43.005271264018745,26.96,-63.0,,,0.76,,,53.7,3.404,37.3,14.431,9.207,46482.958,0.2,117.992,5.31,14.3,15.2,,82.99,0.949
Iceland,2,0.0227019597578038,4,2,3,19,8,2,2.115013340853381,,5.289756827696913,4.026660014317013,136.6352849302588,64.6,-31.0,,,0.65,,,52.78,3.404,37.3,14.431,9.207,46482.958,0.2,117.992,5.31,14.3,15.2,,82.99,0.949
Iceland,3,0.0403081404151933,6,3,4,9,9,3,2.711555565196642,,33.54343369704332,8.338033362979674,4298.710384173192,43.33,-13.0,286276.0,269099.0,0.89,,,11.11,3.404,37.3,14.431,9.207,46482.958,0.2,117.992,5.31,14.3,15.2,,82.99,0.949
India,1,0.0082128805031221,2,1,1,5,1,1,,,0.4184864000375689,0.769942618851962,36.02932721909519,67.96,-33.0,,,1.05,0.0849,11.8,85.65,450.419,28.2,5.989,3.414,6426.674,21.2,282.28,10.39,1.9,20.6,59.55,69.66,0.645
India,2,0.0291668364331609,5,3,3,13,21,2,,,,,179.16822992204615,81.42,-65.0,146179673.0,40920466.0,0.86,0.185,5.4,81.94,450.419,28.2,5.989,3.414,6426.674,21.2,282.28,10.39,1.9,20.6,59.55,69.66,0.645
India,3,0.0070783863046766,2,1,1,5,1,1,,,5.2690387144921,1.2577986495656657,301.07966150955764,62.7,-3.0,889378290.0,701166935.0,0.63,0.1106,9.0,81.94,450.419,28.2,5.989,3.414,6426.674,21.2,282.28,10.39,1.9,20.6,59.55,69.66,0.645
Indonesia,1,0.0101517167633898,2,1,2,5,1,1,,,,,36.15753130096263,76.83,-30.0,161959.0,2734.0,1.08,,,64.35,145.725,29.3,5.319,3.053,11188.744,5.7,342.864,6.32,2.8,76.1,64.204,71.72,0.718
Indonesia,2,0.0601979224059731,8,4,5,4,12,4,,,0.6504346396832545,0.407657660689328,124.4888457589513,77.93,-29.0,47481533.0,20673079.0,0.89,0.2517,4.0,71.76,145.725,29.3,5.319,3.053,11188.744,5.7,342.864,6.32,2.8,76.1,64.204,71.72,0.718
Indonesia,3,0.0104109499971826,2,1,2,5,1,1,,,2.074584131725186,0.7831690537477634,207.1146681103395,66.92,-6.0,191838793.0,147280509.0,0.74,0.1547,6.5,68.98,145.725,29.3,5.319,3.053,11188.744,5.7,342.864,6.32,2.8,76.1,64.204,71.72,0.718
Iran,1,0.0159155193842648,3,2,2,11,13,1,,,,,4.164238076622546,22.98,-52.0,,,1.73,,,57.41,49.831,32.4,5.44,3.182,19082.62,0.2,270.308,9.59,0.8,21.1,,76.68,0.783
Iran,2,0.0247816034598175,4,2,3,19,8,2,,,,,33.969565121260146,48.75,-21.0,,,1.01,0.0956,10.5,58.8,49.831,32.4,5.44,3.182,19082.62,0.2,270.308,9.59,0.8,21.1,,76.68,0.783
Iran,3,0.0544167057710826,8,4,5,15,3,4,,,0.6569707708309518,0.4786262906809413,92.73015389145978,52.72,-16.0,,,1.21,0.3,3.3,70.83,49.831,32.4,5.44,3.182,19082.62,0.2,270.308,9.59,0.8,21.1,,76.68,0.783
Iran,4,0.0474076932557878,7,3,4,22,9,3,,,1.8009973331376348,,284.2838117361702,54.56,-14.0,669577.0,178659.0,0.92,0.1926,5.2,81.48,49.831,32.4,5.44,3.182,19082.62,0.2,270.308,9.59,0.8,21.1,,76.68,0.783
Iran,5,0.0727845025142081,10,5,6,2,14,5,,,3.331822079964473,1.374135057361768,568.411793844812,45.71,6.0,17612039.0,6856443.0,1.01,0.3271,3.1,70.83,49.831,32.4,5.44,3.182,19082.62,0.2,270.308,9.59,0.8,21.1,,76.68,0.783
Iran,6,0.0245732579658929,4,2,3,19,8,2,,,,,824.6541523126999,38.93,21.0,62773100.0,55293457.0,0.66,0.2137,4.7,62.04,49.831,32.4,5.44,3.182,19082.62,0.2,270.308,9.59,0.8,21.1,,76.68,0.783
Iraq,1,0.0243681462099779,4,2,3,19,8,2,,,0.1408135354051597,0.2956821733300265,13.60390551079836,41.78,-36.0,,,1.12,0.1874,5.3,92.59,88.125,20.0,3.186,1.957,15663.986,2.5,218.612,8.83,,,94.576,70.6,0.674
Iraq,2,0.0095186966982553,2,1,2,5,1,1,,,2.204244063972742,1.0140276372981205,248.98109734658036,36.87,5.0,301615.0,60979.0,1.0,0.1757,5.7,71.76,88.125,20.0,3.186,1.957,15663.986,2.5,218.612,8.83,,,94.576,70.6,0.674
Iraq,3,0.0174821263186007,3,2,2,11,13,1,,,3.391645487564872,0.5653075979754999,441.83673511513086,33.62,39.0,2812449.0,1579260.0,0.79,0.1992,5.0,75.93,88.125,20.0,3.186,1.957,15663.986,2.5,218.612,8.83,,,94.576,70.6,0.674
Iraq,4,0.005993869968956,2,1,1,5,1,1,,,,,551.616512848879,24.5,71.0,9552771.0,6536646.0,0.67,0.2016,5.0,64.81,88.125,20.0,3.186,1.957,15663.986,2.5,218.612,8.83,,,94.576,70.6,0.674
Ireland,1,0.1035272621948967,12,6,8,21,17,6,1.4890915016624844,0.2468440090356948,0.2449435108523062,0.9775424130185932,35.33481680562178,7.69,-73.0,,,0.92,0.18,5.6,90.74,69.874,38.7,13.928,8.678,67335.293,0.2,126.459,3.28,23.0,25.7,,82.3,0.955
Ireland,2,0.1027550908265541,12,6,8,21,17,6,3.114649609946329,0.4234478528986309,6.103565310509694,4.4036569839595545,389.11446016218656,73.79,-61.0,155863.0,38431.0,0.64,0.07,14.3,87.96,69.874,38.7,13.928,8.678,67335.293,0.2,126.459,3.28,23.0,25.7,,82.3,0.955
Israel,1,0.0385960651921214,6,3,4,9,9,3,2.0008610483263376,0.3035195350339038,4.161022494887526,5.04176084382736,307.9270261543429,81.42,-50.0,,,0.72,0.105,9.5,85.19,402.606,30.6,11.733,7.359,33132.32,0.5,93.32,6.74,15.4,35.4,,82.97,0.919
Israel,2,0.0600415653966203,8,4,5,4,12,4,2.491658594338608,0.4262189215369713,10.88843073942525,5.700139920353029,642.9910666236142,83.3,-49.0,2693541.0,1164899.0,0.93,0.093,10.8,85.19,402.606,30.6,11.733,7.359,33132.32,0.5,93.32,6.74,15.4,35.4,,82.97,0.919
Israel,3,0.0283745528898934,5,2,3,13,21,2,1.4487138090625338,0.2271014960714669,24.849650199117423,19.359918200409,1202.8802066515982,58.59,-11.0,6096655.0,5547900.0,0.97,0.068,14.7,59.26,402.606,30.6,11.733,7.359,33132.32,0.5,93.32,6.74,15.4,35.4,,82.97,0.919
Israel,4,0.0614176821978258,8,4,5,4,12,4,3.732644494672264,0.375632332364654,47.63166828113228,16.15068345710903,3348.724572166613,57.06,-18.0,6742379.0,6109571.0,0.8,0.265,3.8,56.48,402.606,30.6,11.733,7.359,33132.32,0.5,93.32,6.74,15.4,35.4,,82.97,0.919
Italy,1,0.121057556461161,13,7,9,6,22,7,5.183586372203665,0.6470372098244764,0.0752110354266787,0.4059139731064765,16.18239067858251,60.93,-79.0,,,1.06,0.1971,5.1,85.19,205.859,47.9,23.021,16.24,35220.084,2.0,113.151,4.78,19.8,27.8,,83.51,0.892
Italy,2,0.1185641178342554,13,6,9,6,22,7,6.068168732793196,0.6216924343244394,3.61363075819426,2.930949351845467,262.5881080888745,92.97,-40.0,,,0.81,0.1236,8.1,82.41,205.859,47.9,23.021,16.24,35220.084,2.0,113.151,4.78,19.8,27.8,,83.51,0.892
Italy,3,0.072899730551906,10,5,6,2,14,5,5.38733848896867,0.6190420002852198,8.49842425898544,1.7028210441348457,609.4249003739117,90.67,-40.0,8028059.0,3561767.0,0.82,0.0653,15.3,83.33,205.859,47.9,23.021,16.24,35220.084,2.0,113.151,4.78,19.8,27.8,,83.51,0.892
Italy,4,0.0609301521841125,8,4,5,4,12,4,3.515800753024754,0.2630555783925419,28.05074342107192,16.556764486622274,1792.5837906974768,82.02,-17.0,50398358.0,46014053.0,0.83,0.1473,6.8,76.85,205.859,47.9,23.021,16.24,35220.084,2.0,113.151,4.78,19.8,27.8,,83.51,0.892
Jamaica,1,0.0130596300036792,3,2,2,11,13,1,,,0.2600873998053448,0.217255172590065,20.235671416012718,72.24,-26.0,,,1.02,0.2319,4.3,75.0,266.879,31.4,9.684,6.39,8193.571,,206.537,11.28,5.3,28.6,66.425,74.47,0.734
Jamaica,2,0.0255768170973767,4,2,3,19,8,2,,,,,159.39668978450038,34.13,-22.0,147915.0,10184.0,0.86,0.0571,17.5,76.85,266.879,31.4,9.684,6.39,8193.571,,206.537,11.28,5.3,28.6,66.425,74.47,0.734
Jamaica,3,0.0549338444883438,8,4,5,15,3,4,,,1.8529915633695675,0.5666795136443648,230.31066144447112,77.03,-7.0,411755.0,145171.0,1.11,0.3681,2.7,74.07,266.879,31.4,9.684,6.39,8193.571,,206.537,11.28,5.3,28.6,66.425,74.47,0.734
Jamaica,4,0.0274592816891556,5,2,3,13,8,2,,,2.642744383482957,0.8828093313450786,408.39936747131793,77.03,-1.0,743167.0,613112.0,0.84,0.3394,2.9,74.07,266.879,31.4,9.684,6.39,8193.571,,206.537,11.28,5.3,28.6,66.425,74.47,0.734
Japan,1,0.0073598593070368,2,1,1,5,1,1,,,0.5107041926177126,0.5336658088220244,31.14085848374968,93.72,-30.0,0.0,0.0,0.69,0.0543,18.4,49.54,347.778,48.2,27.049,18.493,39002.223,,79.37,5.72,11.2,33.7,,84.63,0.919
Japan,2,0.0080992856959031,2,1,1,5,1,1,1.378174557501406,0.1444655692614587,1.011136891194245,1.183919536692176,55.47184327181876,93.75,-28.0,6605930.0,2697254.0,0.92,0.0602,16.6,49.07,347.778,48.2,27.049,18.493,39002.223,,79.37,5.72,11.2,33.7,,84.63,0.919
Japan,3,0.004752658836839,1,1,1,5,16,1,,,1.7451022681364106,0.9561224825585394,128.50954150261774,93.0,-27.0,78670101.0,63077767.0,0.6,0.1024,9.8,52.31,347.778,48.2,27.049,18.493,39002.223,,79.37,5.72,11.2,33.7,,84.63,0.919
Japan,4,0.0175672357277299,3,2,2,11,13,1,,,2.9199086533336924,1.465393364116479,377.1144769288089,92.41,-23.0,101987388.0,95868145.0,0.79,0.4286,2.3,47.22,347.778,48.2,27.049,18.493,39002.223,,79.37,5.72,11.2,33.7,,84.63,0.919
Jordan,1,0.0678117708288092,9,4,6,4,12,4,,,2.126810128559468,0.9331950014324636,139.91400544277732,61.13,-11.0,,,1.11,0.2397,4.2,81.48,109.285,23.2,3.81,2.361,8337.49,0.1,208.257,11.75,,,,74.53,0.729
Jordan,2,0.0902768438610804,11,5,7,14,6,6,,,5.625351664452564,4.247239902689857,573.8774344820763,71.49,-12.0,287030.0,92486.0,0.95,0.1802,5.5,81.48,109.285,23.2,3.81,2.361,8337.49,0.1,208.257,11.75,,,,74.53,0.729
Jordan,3,0.0345787502159407,6,3,4,9,21,2,,,,,1015.9351104710848,49.29,26.0,4291210.0,3879646.0,0.84,0.0739,13.5,34.26,109.285,23.2,3.81,2.361,8337.49,0.1,208.257,11.75,,,,74.53,0.729
Kenya,1,0.0018086157556013,1,1,1,8,16,1,,,0.0564383082714848,0.1158664847090612,3.885191826777077,64.92,-17.0,,,1.12,0.1188,8.4,75.93,87.324,20.0,2.686,1.528,2993.028,36.8,218.637,2.92,1.2,20.4,24.651,66.7,0.601
Kenya,2,0.0033612971204768,1,1,1,8,16,1,,,,,12.1346091025627,60.2,2.0,,,1.07,0.1628,6.1,51.85,87.324,20.0,2.686,1.528,2993.028,36.8,218.637,2.92,1.2,20.4,24.651,66.7,0.601
Kenya,3,0.0036525391728198,1,1,1,8,16,1,,,0.2992066919505729,,28.5494218115102,66.3,2.0,823764.0,116.0,0.82,0.114,8.8,71.76,87.324,20.0,2.686,1.528,2993.028,36.8,218.637,2.92,1.2,20.4,24.651,66.7,0.601
Kenya,4,0.0047692997554164,1,1,1,5,16,1,,,,,38.65968647631343,67.97,30.0,1105470.0,698905.0,1.19,0.2184,4.6,72.22,87.324,20.0,2.686,1.528,2993.028,36.8,218.637,2.92,1.2,20.4,24.651,66.7,0.601
Kenya,5,0.001368089943091,1,1,1,8,16,1,,,,,57.0470119668564,51.46,39.0,6186823.0,4583839.0,0.63,0.2104,4.8,55.56,87.324,20.0,2.686,1.528,2993.028,36.8,218.637,2.92,1.2,20.4,24.651,66.7,0.601
Kuwait,1,0.0171655594883555,3,2,2,11,13,1,,,0.6522757143091468,0.7845577956421003,55.70452758693263,73.51,-89.0,,,1.02,0.2587,3.9,100.0,232.128,33.7,2.345,1.114,65530.537,,132.235,15.84,2.7,37.0,,75.49,0.806
Kuwait,2,0.0141752203542384,3,2,2,11,13,1,,,1.927126686446949,1.3866065634404847,269.9100600131268,74.19,21.0,,,1.1,0.1086,9.2,71.3,232.128,33.7,2.345,1.114,65530.537,,132.235,15.84,2.7,37.0,,75.49,0.806
Kuwait,3,0.0203313751847326,4,2,2,11,8,2,,,4.750936398376085,2.119645987931764,536.2138340456961,75.55,7.0,449792.0,359857.0,1.0,0.1466,6.8,70.37,232.128,33.7,2.345,1.114,65530.537,,132.235,15.84,2.7,37.0,,75.49,0.806
Kuwait,4,0.0323866625867813,5,3,3,13,21,2,,,7.245208733726952,2.888032097562396,867.7126051130713,74.07,16.0,1791328.0,1042884.0,0.93,0.1169,8.6,60.19,232.128,33.7,2.345,1.114,65530.537,,132.235,15.84,2.7,37.0,,75.49,0.806
Latvia,1,0.1112597544423102,13,6,9,10,10,7,5.945577079853921,,5.00682937907821,7.244498198650836,249.31250917279348,66.41,-41.0,5542.0,6.0,1.07,0.0977,10.2,57.41,31.212,43.9,19.754,14.136,25063.846,0.7,350.06,4.91,25.6,51.0,,75.29,0.866
Latvia,2,0.1872290601595986,18,8,12,3,7,11,7.3328783984865025,,27.052761372389167,2.902620017633189,1244.0021982566068,57.14,-35.0,1212973.0,1073545.0,0.82,0.0889,11.3,70.37,31.212,43.9,19.754,14.136,25063.846,0.7,350.06,4.91,25.6,51.0,,75.29,0.866
Latvia,3,0.0899198058956556,11,5,7,14,6,6,6.433007272886989,,35.67070930198925,4.097091809351589,3498.3561282830565,36.54,-24.0,1346400.0,1265616.0,0.92,0.4656,2.1,51.85,31.212,43.9,19.754,14.136,25063.846,0.7,350.06,4.91,25.6,51.0,,75.29,0.866
Libya,1,0.0255020173777882,4,2,3,19,8,2,,,,,216.05256736400665,39.45,24.0,0.0,0.0,1.05,,,55.56,3.623,29.0,4.424,2.816,17881.509,,341.862,10.43,,,,72.91,0.724
Libya,2,0.0362018286887274,6,3,4,9,21,3,,,,,380.5785065771,43.73,24.0,706636.0,46972.0,1.01,,,59.26,3.623,29.0,4.424,2.816,17881.509,,341.862,10.43,,,,72.91,0.724
Lithuania,1,0.1647275759128163,16,8,11,12,11,10,,,6.001367356392261,5.675755856620153,503.75446770131697,70.72,-53.0,8194.0,104.0,0.94,0.254,3.9,76.85,45.135,43.5,19.002,13.778,29524.265,0.7,342.989,3.67,21.3,38.0,,75.93,0.882
Lithuania,2,0.1258458865919515,14,7,9,6,22,8,,,21.83426510356293,3.4143015515294093,1526.3980085223702,50.96,-18.0,1820694.0,1711453.0,1.0,0.164,6.1,50.0,45.135,43.5,19.002,13.778,29524.265,0.7,342.989,3.67,21.3,38.0,,75.93,0.882
Luxembourg,1,0.1009373002328241,12,6,8,21,17,6,3.481334690161213,0.7403743458713891,23.373649604451067,19.977505222002037,641.9990737444353,70.29,-32.0,0.0,0.0,1.05,0.048,20.8,60.19,231.447,39.7,14.312,9.842,94277.965,0.2,128.275,4.42,20.9,26.0,,82.25,0.916
Madagascar,1,0.0014901723394171,1,1,1,8,16,1,,,,,4.055252035074834,83.11,-13.0,,,0.96,0.4236,2.4,68.98,43.951,19.6,2.929,1.686,1416.44,77.6,405.994,3.94,,,50.54,67.04,0.528
Madagascar,2,0.0029925833014303,1,1,1,8,16,1,,,0.0643648139626745,0.0469266673732636,12.908703042948137,82.95,-2.0,0.0,0.0,0.85,0.3031,3.3,81.48,43.951,19.6,2.929,1.686,1416.44,77.6,405.994,3.94,,,50.54,67.04,0.528
Madagascar,3,0.0027945544244336,1,1,1,8,16,1,,,,,19.03133157092155,62.41,18.0,851778.0,792828.0,0.75,0.3655,2.7,47.69,43.951,19.6,2.929,1.686,1416.44,77.6,405.994,3.94,,,50.54,67.04,0.528
Malawi,1,0.0022151444320579,1,1,1,8,16,1,,,0.013539511355055,0.019798774216662,1.757459315427607,62.83,-13.0,,,1.04,0.224,4.5,60.19,197.519,18.1,2.979,1.783,1095.042,71.4,227.349,3.94,4.4,24.7,8.704,64.26,0.483
Malawi,2,0.0135686572425519,3,2,2,11,13,1,,,0.0676492050130496,,11.024201787478123,76.44,-25.0,0.0,0.0,1.12,0.3374,3.0,51.85,197.519,18.1,2.979,1.783,1095.042,71.4,227.349,3.94,4.4,24.7,8.704,64.26,0.483
Malawi,3,0.012185560346791,3,2,2,5,13,1,,,,,26.6428389182418,68.45,-1.0,453729.0,138134.0,0.95,0.5374,1.9,42.59,197.519,18.1,2.979,1.783,1095.042,71.4,227.349,3.94,4.4,24.7,8.704,64.26,0.483
Malawi,4,0.0037374132178754,1,1,1,8,16,1,,,,,42.13830629680928,67.9,20.0,1505969.0,759701.0,0.62,0.2888,3.5,36.11,197.519,18.1,2.979,1.783,1095.042,71.4,227.349,3.94,4.4,24.7,8.704,64.26,0.483
Malaysia,1,0.1126451178667932,13,6,9,10,10,7,3.4329793314934816,0.3642887772665497,8.603697592109151,4.126836565379233,608.9086912010379,84.76,-30.0,22149191.0,17881469.0,0.93,0.1396,7.2,64.81,96.254,29.9,6.293,3.407,26808.164,0.1,260.942,16.74,1.0,42.4,,76.16,0.81
Malaysia,2,0.0248990120116139,4,2,3,19,8,2,2.301975564887871,0.1119715085903046,16.362539336857132,5.088510121446373,1159.6941011609188,76.3,-7.0,27343014.0,25702433.0,0.97,0.1393,7.2,54.17,96.254,29.9,6.293,3.407,26808.164,0.1,260.942,16.74,1.0,42.4,,76.16,0.81
Maldives,1,0.0795258693572716,10,5,7,2,14,5,,,15.439295831647106,10.731761156690336,1028.733306353703,71.91,-36.0,310904.0,158075.0,1.09,0.3024,3.3,,1454.433,30.6,4.12,2.875,15183.616,,164.905,9.19,2.1,55.0,95.803,78.92,0.74
Mali,1,0.0009239457944495,1,1,1,8,16,1,,,,,0.4540719852257346,43.97,-16.0,,,1.12,,,56.48,15.196,16.4,2.519,1.486,2014.306,,268.024,2.42,1.6,23.0,52.232,59.31,0.434
Mali,2,0.0019615575829446,1,1,1,8,16,1,,,,,3.110896557702816,49.6,-8.0,0.0,0.0,1.02,,,59.26,15.196,16.4,2.519,1.486,2014.306,,268.024,2.42,1.6,23.0,52.232,59.31,0.434
Mali,3,0.0019645199274789,1,1,1,8,16,1,,,,,6.394407597645615,53.94,-9.0,42618.0,5910.0,0.79,,,48.15,15.196,16.4,2.519,1.486,2014.306,,268.024,2.42,1.6,23.0,52.232,59.31,0.434
Mali,4,0.0010853801747664,1,1,1,8,16,1,,,,,13.787581768918692,45.46,34.0,1006045.0,594667.0,0.81,,,40.74,15.196,16.4,2.519,1.486,2014.306,,268.024,2.42,1.6,23.0,52.232,59.31,0.434
Malta,1,0.0561486708002325,8,4,5,15,3,4,1.4725828327843442,,8.174578570044565,5.560937802751405,186.18484789769423,79.41,-19.0,,,0.97,0.0394,25.4,52.78,1454.037,42.4,19.426,11.324,36513.323,0.2,168.711,8.83,20.9,30.2,,82.53,0.895
Malta,2,0.0532377035264483,8,4,5,15,3,4,2.460763417942259,0.1743848091455144,14.63011044371246,8.341406704127106,514.1445456306917,73.29,-37.0,82671.0,39695.0,0.99,0.0712,14.0,67.59,1454.037,42.4,19.426,11.324,36513.323,0.2,168.711,8.83,20.9,30.2,,82.53,0.895
Malta,3,0.059442692908351,8,4,5,4,12,4,1.9182329006006589,,32.10029064134857,7.202092617709747,1265.4718077891882,37.23,-9.0,413267.0,388471.0,0.63,0.09,11.1,56.48,1454.037,42.4,19.426,11.324,36513.323,0.2,168.711,8.83,20.9,30.2,,82.53,0.895
Malta,4,0.0451644013563262,7,3,4,22,9,3,,,35.497519860492154,7.114900213136989,1648.0720790544467,41.3,4.0,413267.0,388471.0,1.06,0.2014,5.0,52.78,1454.037,42.4,19.426,11.324,36513.323,0.2,168.711,8.83,20.9,30.2,,82.53,0.895
Mauritania,1,0.0090900072500947,2,1,1,5,1,1,,,0.0258695611200579,,2.433451794827763,44.21,-14.0,,,1.46,0.1755,5.7,77.78,4.289,20.3,3.138,1.792,3597.633,6.0,232.347,2.42,,,15.95,64.92,0.546
Mauritania,2,0.0144070816965473,3,2,2,11,13,1,,,,,25.712496675469257,39.23,1.0,0.0,0.0,1.06,0.1419,7.0,59.26,4.289,20.3,3.138,1.792,3597.633,6.0,232.347,2.42,,,15.95,64.92,0.546
Mauritania,3,0.011053423265642,2,1,2,5,1,1,,,,,59.049948587571805,26.43,18.0,213148.0,20286.0,1.05,0.1779,5.6,36.11,4.289,20.3,3.138,1.792,3597.633,6.0,232.347,2.42,,,15.95,64.92,0.546
Mauritania,4,0.006634376140026,2,1,1,5,1,1,,,1.6985640121379402,,120.37419033278816,25.75,32.0,1274580.0,843839.0,0.4,0.0669,14.9,39.81,4.289,20.3,3.138,1.792,3597.633,6.0,232.347,2.42,,,15.95,64.92,0.546
Mexico,1,0.0516058680559873,7,4,5,15,3,3,,,0.0411388658968041,0.0994378876699629,14.694206808390032,75.15,-38.0,,,1.12,0.529,1.9,70.83,66.444,29.3,6.857,4.321,17336.469,2.5,152.783,13.06,6.9,21.4,87.847,75.05,0.779
Mexico,2,0.093912496194215,11,5,7,14,6,6,,,0.3289603079081563,0.0738280063091201,135.35920084887238,85.86,-36.0,604441.0,25185.0,1.02,0.38,2.6,71.76,66.444,29.3,6.857,4.321,17336.469,2.5,152.783,13.06,6.9,21.4,87.847,75.05,0.779
Mexico,3,0.0545561481602263,8,4,5,15,3,4,,,0.7304926938908303,0.1371310883539371,255.5509187544938,81.73,-2.0,57631954.0,33220439.0,0.94,0.384,2.6,67.13,66.444,29.3,6.857,4.321,17336.469,2.5,152.783,13.06,6.9,21.4,87.847,75.05,0.779
Mexico,4,0.0359213524228283,6,3,4,9,21,3,,,1.1035701679274312,0.0858499110486524,395.473453469471,79.6,11.0,84182076.0,77601746.0,0.92,0.598,1.7,61.57,66.444,29.3,6.857,4.321,17336.469,2.5,152.783,13.06,6.9,21.4,87.847,75.05,0.779
Moldova,1,0.1026679001248749,12,6,8,21,17,6,,,,1.7000391399158803,572.165928392592,67.51,-29.0,146088.0,137323.0,0.9,0.2783,3.6,65.74,123.655,37.6,10.864,6.955,5189.972,0.2,408.502,5.72,5.9,44.6,86.979,71.9,0.75
Moldova,2,0.1298714827566926,14,7,9,6,2,8,,,,1.957492808817043,874.5969520567094,61.67,-11.0,663942.0,624106.0,0.84,0.1593,6.3,46.3,123.655,37.6,10.864,6.955,5189.972,0.2,408.502,5.72,5.9,44.6,86.979,71.9,0.75
Moldova,3,0.0576268383272966,8,4,5,15,3,4,,,,,1199.8981119650102,58.69,-11.0,715831.0,672881.0,0.82,,,47.22,123.655,37.6,10.864,6.955,5189.972,0.2,408.502,5.72,5.9,44.6,86.979,71.9,0.75
Mongolia,1,0.0373609864829714,6,3,4,9,9,3,,,9.694579792279535,3.1355108999477967,329.4824529733438,52.6,20.0,1985431.0,1726339.0,1.05,0.1928,5.2,59.26,1.98,28.6,4.031,2.421,11840.846,0.5,460.043,4.82,5.5,46.5,71.18,69.87,0.737
Mongolia,2,0.0487111622265701,7,4,4,15,3,3,,,12.019522527680142,3.4193558851428025,1148.887357694542,51.39,62.0,2280420.0,2129876.0,1.08,0.7203,1.4,37.04,1.98,28.6,4.031,2.421,11840.846,0.5,460.043,4.82,5.5,46.5,71.18,69.87,0.737
Montenegro,1,0.1132925765105063,13,6,9,10,10,7,,,,,462.2395315030149,38.76,-31.0,,,1.0,,,,46.28,39.1,14.762,9.395,16409.288,1.0,387.305,10.08,44.0,47.9,,76.88,0.829
Montenegro,2,0.1471682439483417,15,7,10,1,18,9,,,,,1306.0881998436432,74.59,-27.0,3296.0,211.0,1.01,,,,46.28,39.1,14.762,9.395,16409.288,1.0,387.305,10.08,44.0,47.9,,76.88,0.829
Montenegro,3,0.1165179881410904,13,6,9,6,10,7,,,,,2384.0261380047164,40.05,-7.0,262450.0,246703.0,1.01,,,,46.28,39.1,14.762,9.395,16409.288,1.0,387.305,10.08,44.0,47.9,,76.88,0.829
Morocco,1,0.0199264748624754,4,2,2,11,8,2,,,0.9876144159022784,0.6309582111152489,80.76200836277364,53.11,-21.0,,,1.0,0.2324,4.3,66.2,80.08,29.6,6.769,4.209,7485.013,1.0,419.146,7.14,0.8,47.1,,76.68,0.686
Morocco,2,0.0276798556382179,5,2,3,13,21,2,,,2.071394060970277,1.1815571474540745,211.95970404115573,51.5,-2.0,17168272.0,12699602.0,0.91,0.2148,4.7,59.26,80.08,29.6,6.769,4.209,7485.013,1.0,419.146,7.14,0.8,47.1,,76.68,0.686
Morocco,3,0.0086104198827,2,1,1,5,1,1,,,2.844579619640085,,303.3130166199636,32.51,1.0,24768302.0,23177000.0,0.64,0.2139,4.7,68.52,80.08,29.6,6.769,4.209,7485.013,1.0,419.146,7.14,0.8,47.1,,76.68,0.686
Mozambique,1,0.0038495652821429,1,1,1,8,16,1,,,0.1022571090517082,0.0926529189011799,10.588238769059334,72.77,-28.0,0.0,0.0,1.21,0.2896,3.5,59.26,37.728,17.7,3.158,1.87,1136.103,62.9,329.942,3.3,5.1,29.1,12.227,60.85,0.456
Mozambique,2,0.0074255102214358,2,1,1,5,1,1,,,0.221670864807732,0.1756674469099552,35.26593952780279,82.74,1.0,374854.0,319153.0,1.11,0.3191,3.1,56.48,37.728,17.7,3.158,1.87,1136.103,62.9,329.942,3.3,5.1,29.1,12.227,60.85,0.456
Mozambique,3,0.0025122639635022,1,1,1,8,16,1,,,,,62.164512097657415,69.88,8.0,8949290.0,6431254.0,1.12,0.528,1.9,37.04,37.728,17.7,3.158,1.87,1136.103,62.9,329.942,3.3,5.1,29.1,12.227,60.85,0.456
Myanmar,1,0.0612327711152283,8,4,5,4,12,4,,,0.5713809072121172,0.2747873618395236,52.79219904589303,80.45,-76.0,3675425.0,1716316.0,0.99,0.3753,2.7,66.2,81.721,29.1,5.732,3.12,5591.597,6.4,202.104,4.61,6.3,35.2,79.287,67.13,0.583
Namibia,1,0.2329630482842637,19,9,13,7,4,14,,,2.236138681211312,0.9214082085721884,420.45046967082845,67.18,-19.0,133863.0,32753.0,0.85,0.4066,2.5,78.7,3.078,22.0,3.552,2.085,9541.808,13.4,243.811,3.94,9.7,34.2,44.6,63.71,0.646
Namibia,2,0.0517894066270275,7,4,5,15,3,3,,,3.484333741473882,0.4954888101466214,596.2137234167548,67.18,11.0,413893.0,351511.0,0.69,0.1808,5.5,28.7,3.078,22.0,3.552,2.085,9541.808,13.4,243.811,3.94,9.7,34.2,44.6,63.71,0.646
Nepal,1,0.0195341989498202,3,2,2,11,13,2,,,0.72574281581888,0.1149455499795787,92.2907290061776,56.41,-3.0,624067.0,91453.0,0.91,0.032,31.2,52.78,204.43,25.0,5.809,3.212,2442.804,15.0,260.797,7.26,9.5,37.8,47.782,70.78,0.602
Nepal,2,0.0593559104792868,8,4,5,4,12,4,,,0.9479247121811952,0.68360757164636,159.17616627104638,74.37,-69.0,2113080.0,426510.0,1.02,0.422,2.4,94.44,204.43,25.0,5.809,3.212,2442.804,15.0,260.797,7.26,9.5,37.8,47.782,70.78,0.602
Netherlands,1,0.0811815265787283,10,5,7,2,14,5,1.5797968612994255,0.8292041026503436,,,11.989103419570172,0.82,-49.0,,,1.13,,,78.7,508.544,43.2,18.779,11.881,48472.545,,109.361,5.29,24.4,27.3,,82.28,0.944
Netherlands,2,0.0562021422930544,8,4,5,15,3,4,1.127344903603276,0.412272826317727,3.848501615375773,2.6294621109044183,505.3189599963757,61.78,-49.0,0.0,0.0,0.86,0.13,7.7,78.7,508.544,43.2,18.779,11.881,48472.545,,109.361,5.29,24.4,27.3,,82.28,0.944
Netherlands,3,0.0328778596273915,5,3,3,13,21,2,1.283402979102077,0.3645237136651089,12.199798708374855,3.9783163127156937,1660.0095474933055,46.98,-23.0,13371737.0,12139407.0,0.86,0.24,4.2,56.48,508.544,43.2,18.779,11.881,48472.545,,109.361,5.29,24.4,27.3,,82.28,0.944
New Zealand,1,0.0311678286678501,5,3,3,13,21,2,,,,,1352.2794218052006,53.77,-9.0,3717078.0,3494054.0,0.87,,,56.48,18.206,37.9,15.322,9.72,36085.843,,128.797,8.08,14.8,17.2,,82.29,0.931
Niger,1,0.0004997926525249,1,1,1,8,16,1,,,,,0.3107739066110483,73.81,-18.0,,,0.86,,,61.11,16.955,15.1,2.553,1.378,926.0,44.5,238.339,2.42,0.1,15.4,8.978,62.42,0.394
Niger,2,0.0009148991640142,1,1,1,8,16,1,,,,,1.5196485907139483,61.28,6.0,0.0,0.0,0.95,,,31.48,16.955,15.1,2.553,1.378,926.0,44.5,238.339,2.42,0.1,15.4,8.978,62.42,0.394
Niger,3,0.0006522020006517,1,1,1,8,16,1,,,,,2.7364816335008704,39.34,39.0,506816.0,461750.0,1.04,,,16.67,16.955,15.1,2.553,1.378,926.0,44.5,238.339,2.42,0.1,15.4,8.978,62.42,0.394
Nigeria,1,0.0005404642923989,1,1,1,8,16,1,,,0.0045601551071466,0.0098344043357585,0.8111609694544821,39.46,-22.0,,,1.15,0.2239,4.5,80.09,209.588,18.1,2.751,1.447,5338.454,,181.013,2.42,0.6,10.8,41.949,54.69,0.539
Nigeria,2,0.0005885855271323,1,1,1,8,16,1,,,0.0681650047863606,,6.9502133729885776,44.14,-6.0,0.0,0.0,0.85,0.1542,6.5,58.33,209.588,18.1,2.751,1.447,5338.454,,181.013,2.42,0.6,10.8,41.949,54.69,0.539
Nigeria,3,0.0009134709347987,1,1,1,8,16,1,,,,,9.073053985666954,32.19,17.0,2915356.0,1433670.0,1.04,0.0649,15.4,54.63,209.588,18.1,2.751,1.447,5338.454,,181.013,2.42,0.6,10.8,41.949,54.69,0.539
North Macedonia,1,0.1433941397087668,15,7,10,1,18,9,,,1.5888567558522486,0.9694328553710854,291.5644936934047,72.69,-29.0,,,0.95,0.378,2.6,,82.6,39.1,13.26,8.16,13111.214,5.0,322.688,10.08,,,,75.8,0.774
North Macedonia,2,0.1839963074163293,18,8,12,3,7,11,,,3.1276621591319955,2.13092769298508,655.056199736779,81.91,-28.0,13736.0,9111.0,0.98,0.296,3.4,,82.6,39.1,13.26,8.16,13111.214,5.0,322.688,10.08,,,,75.8,0.774
North Macedonia,3,0.134643497093382,14,7,10,1,2,8,,,,,851.7900896977472,61.71,-10.0,729036.0,539037.0,0.89,0.1358,7.4,,82.6,39.1,13.26,8.16,13111.214,5.0,322.688,10.08,,,,75.8,0.774
North Macedonia,4,0.1245657777718025,14,7,9,6,22,8,,,,,1323.4847149872205,61.71,-7.0,850267.0,799251.0,0.92,0.2427,4.1,,82.6,39.1,13.26,8.16,13111.214,5.0,322.688,10.08,,,,75.8,0.774
Norway,1,0.043914646365496,7,3,4,22,9,3,,,20.133845528117625,0.8584556324624303,2565.5217359246303,4.47,-18.0,4352995.0,4028206.0,0.57,0.371,2.7,11.11,14.462,39.7,16.821,10.813,64800.057,0.2,114.316,5.31,19.6,20.7,,82.4,0.957
Oman,1,0.0725754685666894,10,5,6,2,14,5,,,,,510.2753468255013,77.37,-13.0,929343.0,221982.0,1.06,,,75.0,14.98,30.7,2.355,1.53,37960.709,,266.342,12.61,0.5,15.6,97.4,77.86,0.813
Pakistan,1,0.0047953698244727,1,1,1,5,16,1,,,0.0436062304442378,0.1386767755153244,7.329576023090131,57.89,-27.0,,,1.07,0.1945,5.1,61.11,255.573,23.5,4.495,2.78,5034.708,4.0,423.031,8.35,2.8,36.7,59.607,67.27,0.557
Pakistan,2,0.0033594830609382,1,1,1,8,16,1,,,0.2798109674359622,0.1652131959597554,20.38046823718137,42.71,8.0,0.0,0.0,0.89,0.0676,14.8,64.35,255.573,23.5,4.495,2.78,5034.708,4.0,423.031,8.35,2.8,36.7,59.607,67.27,0.557
Pakistan,3,0.005735452722989,2,1,1,5,1,1,,,0.5146063789389561,0.2227398570805055,35.74330611800504,57.91,-3.0,1993333.0,0.0,0.98,0.099,10.1,78.24,255.573,23.5,4.495,2.78,5034.708,4.0,423.031,8.35,2.8,36.7,59.607,67.27,0.557
Pakistan,4,0.0039043352424858,1,1,1,8,16,1,,,0.7752777311044357,0.2728508853126681,50.8144476368818,46.15,27.0,40183977.0,15269699.0,0.99,0.0693,14.4,68.52,255.573,23.5,4.495,2.78,5034.708,4.0,423.031,8.35,2.8,36.7,59.607,67.27,0.557
Pakistan,5,0.0016678360617955,1,1,1,8,16,1,,,,,65.45628173799291,40.23,55.0,114140160.0,88868554.0,0.74,0.0802,12.5,65.28,255.573,23.5,4.495,2.78,5034.708,4.0,423.031,8.35,2.8,36.7,59.607,67.27,0.557
Panama,1,0.0627634571112769,9,4,5,4,12,4,,,0.437631787415644,0.5826661277442422,127.59315525918372,90.96,-65.0,,,1.01,0.3281,3.0,84.26,55.133,29.7,7.918,5.03,22267.037,2.2,128.346,8.33,2.4,9.9,,78.51,0.815
Panama,2,0.1024553278803574,12,6,8,21,17,6,,,3.286996959774584,2.0796136921290778,642.1263730482796,93.08,-62.0,0.0,0.0,0.94,0.2494,4.0,76.85,55.133,29.7,7.918,5.03,22267.037,2.2,128.346,8.33,2.4,9.9,,78.51,0.815
Panama,3,0.0224925992044427,4,2,3,19,8,2,,,7.707648126259391,2.3518897165704726,996.158237787576,89.55,-24.0,1554873.0,767685.0,0.95,0.0861,11.6,70.37,55.133,29.7,7.918,5.03,22267.037,2.2,128.346,8.33,2.4,9.9,,78.51,0.815
Panama,4,0.0398442226702084,6,3,4,9,9,3,,,12.012692672944915,4.973088493359591,1636.785152763282,83.34,-13.0,3169050.0,2871437.0,0.81,0.2642,3.8,42.59,55.133,29.7,7.918,5.03,22267.037,2.2,128.346,8.33,2.4,9.9,,78.51,0.815
Papua New Guinea,1,0.0024904257174987,1,1,1,8,16,1,,,,,10.91347137105419,70.06,13.0,911.0,0.0,1.03,,,65.74,18.22,22.6,3.808,2.142,3823.194,,561.494,17.65,23.5,48.8,,64.5,0.555
Papua New Guinea,2,0.0089601466190664,2,1,1,5,1,1,,,,,37.30889499457452,70.06,37.0,249265.0,175359.0,0.86,,,75.0,18.22,22.6,3.808,2.142,3823.194,,561.494,17.65,23.5,48.8,,64.5,0.555
Papua New Guinea,3,0.0025951542432535,1,1,1,8,16,1,,,,,42.40703892584772,70.06,55.0,298279.0,237507.0,1.07,,,60.65,18.22,22.6,3.808,2.142,3823.194,,561.494,17.65,23.5,48.8,,64.5,0.555
Paraguay,1,0.1746279634956918,17,8,12,18,20,10,,,1.933360675413085,1.2823352296880135,536.9893045928461,78.64,-18.0,458631.0,121016.0,0.93,0.3144,3.2,49.07,17.144,26.5,6.378,3.833,8827.01,1.7,199.128,8.27,5.0,21.6,79.602,74.25,0.728
Paraguay,2,0.0636153096255063,9,4,6,4,12,4,,,3.3633583719744515,1.672659346912125,837.9987315158745,53.28,0.0,3654258.0,3121596.0,0.88,0.4094,2.4,35.19,17.144,26.5,6.378,3.833,8827.01,1.7,199.128,8.27,5.0,21.6,79.602,74.25,0.728
Peru,1,0.1868938857890643,18,8,12,3,7,11,,,0.7394449213213121,,134.18220913046585,90.53,-53.0,,,1.16,0.271,3.7,81.48,25.129,29.1,7.151,4.455,12236.706,3.5,85.755,5.95,4.8,,,76.74,0.777
Peru,2,0.2402086200552377,19,9,13,7,4,14,,,3.08625286144856,,503.9246041934488,89.69,-30.0,767953.0,600468.0,1.03,0.144,6.9,80.56,25.129,29.1,7.151,4.455,12236.706,3.5,85.755,5.95,4.8,,,76.74,0.777
Peru,3,0.0598905226305677,8,4,5,4,12,4,,,7.721757111148381,,998.6056410161868,80.07,2.0,26072061.0,23454615.0,0.91,0.236,4.2,61.11,25.129,29.1,7.151,4.455,12236.706,3.5,85.755,5.95,4.8,,,76.74,0.777
Philippines,1,0.007153904307648,2,1,1,5,1,1,,,0.267360793740231,0.2709935828020788,23.52303184302922,86.09,-46.0,,,1.14,0.089,11.2,68.98,351.873,25.2,4.803,2.661,7599.188,,370.437,7.07,7.8,40.8,78.463,71.23,0.718
Philippines,2,0.0149004192282342,3,2,2,11,13,1,,,0.9223720858149048,0.3502483770147229,77.88312164651857,86.51,-46.0,1007356.0,132288.0,1.1,0.1873,5.3,81.02,351.873,25.2,4.803,2.661,7599.188,,370.437,7.07,7.8,40.8,78.463,71.23,0.718
Philippines,3,0.0183702214046298,3,2,2,11,13,2,,,2.0189696408481788,0.3633689582177478,254.10459417556055,82.47,-14.0,45702027.0,32768274.0,0.64,0.0379,26.4,33.33,351.873,25.2,4.803,2.661,7599.188,,370.437,7.07,7.8,40.8,78.463,71.23,0.718
Poland,1,0.1251119440696351,14,7,9,6,22,8,5.8520517501389,,,,244.57549540968856,77.75,-30.0,,,0.86,0.3954,2.5,75.0,124.027,41.8,16.763,10.202,27216.445,,227.331,5.91,23.3,33.1,,78.73,0.88
Poland,2,0.1369928769214488,15,7,10,1,2,8,8.970553218509405,,,,693.4719686747626,72.28,-21.0,6034774.0,2192715.0,0.83,0.266,3.8,75.93,124.027,41.8,16.763,10.202,27216.445,,227.331,5.91,23.3,33.1,,78.73,0.88
Poland,3,0.1131133385718443,13,6,9,10,10,7,,,,,1058.356483318782,52.09,20.0,21552220.0,20259087.0,0.77,0.2213,4.5,51.85,124.027,41.8,16.763,10.202,27216.445,,227.331,5.91,23.3,33.1,,78.73,0.88
Portugal,1,0.2587037292670293,20,9,14,17,15,15,6.517555256860225,0.7926889296860332,7.125291959823064,6.70785960908634,687.0459188174418,91.21,-61.0,270611.0,59232.0,0.98,0.2028,4.9,87.96,112.371,46.2,21.502,14.924,27936.896,0.5,127.842,9.85,16.3,30.0,,82.05,0.864
Portugal,2,0.0459643762546195,7,3,4,22,9,3,2.4046208847175574,0.1711263942498384,35.16145529426216,24.74064762292161,2835.0519570220977,72.46,-13.0,9631843.0,9053932.0,0.9,0.2282,4.4,35.19,112.371,46.2,21.502,14.924,27936.896,0.5,127.842,9.85,16.3,30.0,,82.05,0.864
Portugal,3,0.0378926894312634,6,3,4,9,9,3,,,,,4696.661255204234,54.14,0.0,9673781.0,9093354.0,1.02,,,13.89,112.371,46.2,21.502,14.924,27936.896,0.5,127.842,9.85,16.3,30.0,,82.05,0.864
Qatar,1,0.0097129022659428,2,1,2,5,1,1,,,,,275.9779479710796,81.84,-24.0,,,0.84,,,80.56,227.322,31.9,1.307,0.617,116935.6,,176.69,16.52,0.8,26.9,,80.23,0.848
Qatar,2,0.0226888480114819,4,2,3,19,8,2,,,,,679.6736692823537,83.98,-25.0,897867.0,506192.0,0.91,,,85.19,227.322,31.9,1.307,0.617,116935.6,,176.69,16.52,0.8,26.9,,80.23,0.848
Qatar,3,0.0044589766062315,1,1,1,5,16,1,,,17.240793796604294,9.515363122772582,1128.9721565153536,74.82,1.0,2488451.0,2339144.0,0.71,,,69.44,227.322,31.9,1.307,0.617,116935.6,,176.69,16.52,0.8,26.9,,80.23,0.848
Romania,1,0.0846686539864653,11,5,7,14,6,5,,0.6535000521754442,,,246.5190404820802,86.02,-35.0,,,0.89,0.2626,3.8,76.85,85.129,43.0,17.85,11.69,23313.199,5.7,370.946,9.74,22.9,37.1,,76.05,0.828
Romania,2,0.0832122884463491,10,5,7,2,6,5,6.792740942332437,0.7570144604400345,,,538.1201741635147,79.89,-20.0,2618386.0,1604904.0,0.76,0.113,8.8,63.89,85.129,43.0,17.85,11.69,23313.199,5.7,370.946,9.74,22.9,37.1,,76.05,0.828
Romania,3,0.0602462526738608,8,4,5,4,12,4,0.3063608244598482,0.0528028042157758,,,564.9293603039602,46.58,-9.0,4984185.0,4470150.0,0.71,0.0024,412.6,31.48,85.129,43.0,17.85,11.69,23313.199,5.7,370.946,9.74,22.9,37.1,,76.05,0.828
Romania,4,0.225645579213303,19,9,13,7,4,13,10.369738827919948,0.9713624775535802,,,851.3803907742104,68.86,-21.0,6939899.0,6230292.0,0.86,0.2285,4.4,57.41,85.129,43.0,17.85,11.69,23313.199,5.7,370.946,9.74,22.9,37.1,,76.05,0.828
Romania,5,0.0692057268875852,9,4,6,4,12,4,6.07650488514815,0.6043568482518508,,,1345.888062655703,62.84,-13.0,8934868.0,8025764.0,0.77,0.3365,3.0,47.22,85.129,43.0,17.85,11.69,23313.199,5.7,370.946,9.74,22.9,37.1,,76.05,0.828
Russia,1,0.037406381401527,6,3,4,9,9,3,,,5.942252859740371,2.144648506070322,195.3260575060772,67.44,-11.0,48643.0,85052.0,1.03,0.0601,16.6,47.69,8.823,39.6,14.178,9.393,24765.954,0.1,431.297,6.18,23.4,58.3,,72.58,0.824
Russia,2,0.0827511711817687,10,5,7,2,6,5,,,,,626.0724013542902,55.62,-8.0,64333436.0,53578117.0,0.95,0.0686,14.6,60.65,8.823,39.6,14.178,9.393,24765.954,0.1,431.297,6.18,23.4,58.3,,72.58,0.824
Rwanda,1,0.0028857817136828,1,1,1,8,16,1,,,,,9.372186997538586,58.22,-55.0,0.0,0.0,1.28,0.0555,18.0,74.07,494.869,20.3,2.974,1.642,1854.211,56.0,191.375,4.28,4.7,21.0,4.617,69.02,0.543
Rwanda,2,0.0096559611154039,2,1,2,5,1,1,,,1.309736582267774,0.6353322938538775,38.21936129784642,58.22,-19.0,428783.0,269810.0,1.18,0.1039,9.6,54.63,494.869,20.3,2.974,1.642,1854.211,56.0,191.375,4.28,4.7,21.0,4.617,69.02,0.543
Rwanda,3,0.0029016088067374,1,1,1,8,16,1,,,3.1947347335148217,1.5052140557647762,93.31212395540186,58.22,17.0,8022910.0,6293603.0,0.75,0.0375,26.6,80.56,494.869,20.3,2.974,1.642,1854.211,56.0,191.375,4.28,4.7,21.0,4.617,69.02,0.543
San Marino,1,0.3844591496618642,22,10,15,16,5,22,,,,,32.049397236107026,7.16,-51.0,,,0.97,,,79.63,556.667,,,,56861.47,,,5.64,,,,84.97,
Saudi Arabia,1,0.0133850400445039,3,2,2,11,13,1,,,0.5277377232130225,1.4752121351371847,57.10161773910406,78.65,-31.0,,,0.98,0.0842,11.9,71.3,15.322,31.9,3.295,1.845,49045.411,,259.538,17.72,1.8,25.4,,75.13,0.854
Saudi Arabia,2,0.0045232175442011,1,1,1,5,16,1,,,5.738148218992957,2.123869716145813,131.20941645718193,79.04,-9.0,14450956.0,1310660.0,1.05,0.0138,72.7,53.7,15.322,31.9,3.295,1.845,49045.411,,259.538,17.72,1.8,25.4,,75.13,0.854
Senegal,1,0.0019598360252677,1,1,1,8,16,1,,,0.0462634188687478,0.0740856700170757,3.9502665339560097,54.08,-26.0,,,1.05,0.1019,9.8,46.3,82.328,18.7,3.008,1.796,2470.58,38.0,241.219,2.42,0.4,16.6,20.859,67.94,0.512
Senegal,2,0.0052132640959908,2,1,1,5,1,1,,,0.2215743053683383,0.1503811166908617,18.97500323906736,57.62,-23.0,0.0,0.0,0.89,0.1344,7.4,50.46,82.328,18.7,3.008,1.796,2470.58,38.0,241.219,2.42,0.4,16.6,20.859,67.94,0.512
Senegal,3,0.0093604021107321,2,1,2,5,1,1,,,0.3967595835106,0.2355156699914888,38.90253652121141,55.3,-1.0,994518.0,317468.0,0.86,0.195,5.1,19.44,82.328,18.7,3.008,1.796,2470.58,38.0,241.219,2.42,0.4,16.6,20.859,67.94,0.512
Senegal,4,0.0010408999466629,1,1,1,8,16,1,,,0.6171266530001672,0.0715269812566744,49.91652859439363,26.69,25.0,1475913.0,1088436.0,0.95,0.0027,367.6,26.85,82.328,18.7,3.008,1.796,2470.58,38.0,241.219,2.42,0.4,16.6,20.859,67.94,0.512
Serbia,1,0.0812891141397999,10,5,7,2,14,5,11.624747673267752,0.4060221082676142,2.7438653915923155,2.653259884564568,311.2006655852023,62.34,-35.0,0.0,0.0,1.08,0.3617,2.8,60.19,80.291,41.2,17.366,,14048.881,,439.415,10.08,37.7,40.2,97.719,76.0,0.806
Serbia,2,0.0569862851407405,8,4,5,15,3,4,11.342424056766257,0.4249407011259619,5.069696823728339,1.7042741612623764,898.8791024786703,53.76,-20.0,1484835.0,1090763.0,0.91,0.2934,3.4,61.11,80.291,41.2,17.366,,14048.881,,439.415,10.08,37.7,40.2,97.719,76.0,0.806
Serbia,3,0.092525369280018,11,5,7,14,6,6,9.852221050077953,0.4060221082676142,9.286661358788638,3.514346914894128,1691.732589473666,43.21,6.0,3175702.0,2985160.0,0.91,0.2886,3.5,40.74,80.291,41.2,17.366,,14048.881,,439.415,10.08,37.7,40.2,97.719,76.0,0.806
Serbia,4,0.0884287478205417,11,5,7,14,6,6,6.586580867452409,0.2634050236431476,12.287240413257743,4.2312160565881305,2644.5384132568693,37.67,8.0,3347134.0,3146306.0,0.75,0.4322,2.3,36.11,80.291,41.2,17.366,,14048.881,,439.415,10.08,37.7,40.2,97.719,76.0,0.806
Sierra Leone,1,0.001886083369783,1,1,1,8,16,1,,,,,0.5011458183250601,27.03,-23.0,,,1.24,,,70.37,104.7,19.1,2.538,1.285,1390.3,52.2,325.721,2.42,8.8,41.3,19.275,54.7,0.452
Sierra Leone,2,0.0019359734026683,1,1,1,8,16,1,,,,,6.685629140057113,68.23,14.0,91280.0,17358.0,1.16,,,56.48,104.7,19.1,2.538,1.285,1390.3,52.2,325.721,2.42,8.8,41.3,19.275,54.7,0.452
Singapore,1,0.0237893251430247,4,2,3,19,8,2,,,,,381.3536012908904,89.95,-23.0,4686874.0,4405662.0,0.92,,,48.15,7915.731,42.4,12.922,7.049,85535.383,,92.243,10.99,5.2,28.3,,83.62,0.938
Singapore,2,0.0180034769895115,3,2,2,11,13,2,,,,19.93178817661728,1440.928927680798,86.39,-17.0,4996084.0,4696319.0,1.03,0.1501,6.7,56.48,7915.731,42.4,12.922,7.049,85535.383,,92.243,10.99,5.2,28.3,,83.62,0.938
Slovakia,1,0.176297667137066,17,8,12,18,20,11,6.914687655410725,1.057022316750684,30.535080845691255,33.28812850161581,1107.487791942774,79.58,-41.0,393632.0,197770.0,0.95,0.017,58.8,71.3,113.128,41.2,15.07,9.167,30155.152,0.7,287.959,7.29,23.1,37.7,,77.54,0.86
Slovakia,2,0.1468031199775382,15,7,10,1,18,9,5.903543043380123,1.0313308021074383,83.90078304066415,14.848227377245026,2365.916902630994,45.03,-20.0,2747133.0,2582305.0,0.8,0.134,7.5,62.96,113.128,41.2,15.07,9.167,30155.152,0.7,287.959,7.29,23.1,37.7,,77.54,0.86
Slovenia,1,0.2370359229680915,19,9,13,7,4,14,6.200922393219298,0.9380759244978768,2.6256408381491907,3.3328153871391235,391.3412224716809,83.0,-52.0,0.0,0.0,1.03,0.266,3.8,87.04,102.619,44.5,19.062,12.93,31400.84,,153.493,7.25,20.1,25.0,,81.32,0.917
Slovenia,2,0.0859346705164661,11,5,7,14,6,5,5.546674568954113,1.3614127519635857,9.162149069404627,4.1482198445872775,1950.606213526285,50.2,-11.0,1227651.0,1138668.0,0.9,0.42,2.4,55.56,102.619,44.5,19.062,12.93,31400.84,,153.493,7.25,20.1,25.0,,81.32,0.917
Slovenia,3,0.0798125482327371,10,5,7,2,14,5,3.906244362524492,0.7023542819317437,16.40019377281148,62.037606742216255,3926.925328675345,43.13,-14.0,1265340.0,1189419.0,0.75,0.097,10.3,61.11,102.619,44.5,19.062,12.93,31400.84,,153.493,7.25,20.1,25.0,,81.32,0.917
Somalia,1,0.0057895025226932,2,1,1,5,1,1,,,,,6.243467098627709,39.92,-9.0,0.0,0.0,1.04,,,45.37,23.5,16.8,2.731,1.496,,,365.769,6.05,,,9.831,57.4,
Somalia,2,0.0045131210990555,1,1,1,5,16,1,,,,,13.87145083896207,8.43,20.0,371167.0,320482.0,0.36,,,37.96,23.5,16.8,2.731,1.496,,,365.769,6.05,,,9.831,57.4,
South Africa,1,0.0420894530221813,6,3,4,22,9,3,,,0.5185022496587223,0.5827421193659185,88.25106347230695,80.94,-27.0,,,0.78,0.2448,4.1,75.0,46.754,27.3,5.344,3.053,12294.876,18.9,200.38,5.52,8.1,33.2,43.993,64.13,0.709
South Africa,2,0.0903962828617489,11,5,7,14,6,6,,,1.2380619391800365,1.2462943437123577,215.98315952054625,84.54,-38.0,0.0,2124.0,0.94,0.2708,3.7,56.48,46.754,27.3,5.344,3.053,12294.876,18.9,200.38,5.52,8.1,33.2,43.993,64.13,0.709
South Africa,3,0.0637153047510279,9,4,6,4,12,4,,,2.4025208955411808,0.9323640739724908,390.1152786459664,83.05,-13.0,5045795.0,2154922.0,0.85,0.2745,3.6,72.22,46.754,27.3,5.344,3.053,12294.876,18.9,200.38,5.52,8.1,33.2,43.993,64.13,0.709
South Africa,4,0.0299619991314079,5,3,3,13,21,2,,,3.7846816418294953,0.5118250898920815,607.1198898850731,64.47,18.0,20148196.0,16964018.0,0.92,0.0924,10.8,41.67,46.754,27.3,5.344,3.053,12294.876,18.9,200.38,5.52,8.1,33.2,43.993,64.13,0.709
South Korea,1,0.0133871405704343,3,2,2,11,13,1,,0.2071915383833337,,,114.99383765975774,94.54,-22.0,44018117.0,41377030.0,0.95,,,50.93,527.967,43.4,13.914,8.622,35938.374,0.2,85.998,6.8,6.2,40.9,,83.03,0.916
South Korea,2,0.0651468693105164,9,4,6,4,12,4,,0.211479604088351,6.8313919310765945,11.520161393437355,2241.0427375136205,93.48,-27.0,45124196.0,42416744.0,0.95,0.6306,1.6,40.74,527.967,43.4,13.914,8.622,35938.374,0.2,85.998,6.8,6.2,40.9,,83.03,0.916
South Sudan,1,0.0012361980198002,1,1,1,8,16,1,,,,,1.4673092719800072,44.7,-19.0,,,0.72,,,85.19,,19.2,3.441,2.032,1569.888,,280.775,10.43,,,,57.85,0.433
South Sudan,2,0.0011398484137727,1,1,1,8,16,1,,,,,5.20323683153629,43.12,-19.0,0.0,0.0,0.98,0.1811,5.5,77.78,,19.2,3.441,2.032,1569.888,,280.775,10.43,,,,57.85,0.433
South Sudan,3,0.0005288095362274,1,1,1,8,16,1,,,,,10.478521184211717,47.2,14.0,74616.0,29740.0,1.08,0.0292,34.2,25.0,,19.2,3.441,2.032,1569.888,,280.775,10.43,,,,57.85,0.433
Spain,1,0.1630643488377879,16,8,11,12,11,10,,,0.0690768087451782,0.5502809688889841,22.27351161170285,40.91,-82.0,,,1.4,0.364,2.7,85.19,93.105,45.5,19.436,13.799,34272.36,1.0,99.403,7.17,27.4,31.4,,83.56,0.904
Spain,2,0.0708624322607079,9,4,6,2,14,5,3.537260747416457,0.6272300279059603,3.284880027603255,4.414313158197104,284.27125935959515,95.07,-40.0,,,1.11,0.135,7.4,71.3,93.105,45.5,19.436,13.799,34272.36,1.0,99.403,7.17,27.4,31.4,,83.56,0.904
Spain,3,0.095755263763811,11,6,8,14,17,6,4.741234348049044,1.0148633193676246,6.573681954286183,3.5275057374326537,629.3671452247804,96.07,-45.0,1375877.0,714571.0,0.86,0.106,9.4,71.3,93.105,45.5,19.436,13.799,34272.36,1.0,99.403,7.17,27.4,31.4,,83.56,0.904
Spain,4,0.0242195398797108,4,2,3,19,8,2,1.1596909895219,0.3596090303239834,12.05726058226585,2.687098791788532,1033.647917430515,70.39,-14.0,36450458.0,32659431.0,0.77,0.088,11.4,47.69,93.105,45.5,19.436,13.799,34272.36,1.0,99.403,7.17,27.4,31.4,,83.56,0.904
Spain,5,0.0567388270640173,8,4,5,15,3,4,2.126421035943126,0.3116896830351242,18.070496890045057,3.3792980418892538,2283.208433907807,70.74,-12.0,40806373.0,38357990.0,0.71,0.238,4.2,46.76,93.105,45.5,19.436,13.799,34272.36,1.0,99.403,7.17,27.4,31.4,,83.56,0.904
Sri Lanka,1,0.0283179591898631,5,2,3,13,21,2,,,1.771677809303175,0.8809475940845797,105.09316841840555,86.1,-77.0,2285572.0,544898.0,0.92,0.1183,8.5,85.19,341.955,34.1,10.069,5.331,11669.077,0.7,197.093,10.68,0.3,27.0,,76.98,0.782
Sri Lanka,2,0.0911800346517838,11,5,7,14,6,6,,,2.4679320283202,0.9626322479663264,196.09759474047587,85.77,-82.0,12504871.0,6873138.0,1.09,0.2421,4.1,86.11,341.955,34.1,10.069,5.331,11669.077,0.7,197.093,10.68,0.3,27.0,,76.98,0.782
Suriname,1,0.03227569297294,5,3,3,13,21,2,,,0.0704463347290798,0.6150747383397713,71.8488403137557,77.96,-32.0,,,0.79,0.234,4.3,96.3,3.612,29.6,6.933,4.229,13767.119,,258.314,12.54,7.4,42.9,67.779,71.68,0.738
Suriname,2,0.0219976317763831,4,2,3,19,8,2,,,,,118.41878478805268,73.46,-29.0,0.0,0.0,1.15,,,67.59,3.612,29.6,6.933,4.229,13767.119,,258.314,12.54,7.4,42.9,67.779,71.68,0.738
Suriname,3,0.1329633824379264,14,7,10,1,2,8,,,,,306.016579981683,73.91,-17.0,102120.0,25297.0,1.03,,,81.48,3.612,29.6,6.933,4.229,13767.119,,258.314,12.54,7.4,42.9,67.779,71.68,0.738
Suriname,4,0.1372626730573607,15,7,10,1,2,8,,,,,748.0593040192767,73.51,-13.0,236657.0,178735.0,0.99,,,58.33,3.612,29.6,6.933,4.229,13767.119,,258.314,12.54,7.4,42.9,67.779,71.68,0.738
Suriname,5,0.057683682895177,8,4,5,15,3,4,,,1.1035691232481355,1.5985184133775376,1184.0864619346466,73.72,-2.0,264420.0,231957.0,0.91,0.485,2.1,60.19,3.612,29.6,6.933,4.229,13767.119,,258.314,12.54,7.4,42.9,67.779,71.68,0.738
Sweden,1,0.0896995905772734,11,5,7,14,6,6,2.282444595601309,0.5305035088525681,,,14.88559381797076,1.24,-24.0,,,1.12,,,64.81,24.718,41.0,19.985,13.433,46949.283,0.5,133.982,4.79,18.8,18.9,,82.8,0.945
Sweden,2,0.1125252697324914,13,6,9,10,10,7,2.536377629523318,0.349403980784159,4.555139343783892,2.9100922534775293,515.2340627740176,7.14,-36.0,97562.0,63.0,0.99,0.1629,6.1,69.44,24.718,41.0,19.985,13.433,46949.283,0.5,133.982,4.79,18.8,18.9,,82.8,0.945
Sweden,3,0.0459151832072706,7,3,4,22,9,3,1.2982080300121288,0.065943849894475,17.72094708360371,0.6769579098122382,2409.5902436172505,2.62,-14.0,7836838.0,7366628.0,0.55,0.302,3.3,19.44,24.718,41.0,19.985,13.433,46949.283,0.5,133.982,4.79,18.8,18.9,,82.8,0.945
Switzerland,1,0.0598684147106291,8,4,5,4,12,4,1.8541691383184933,0.5346799619161002,,,24.209757932252607,3.92,-31.0,,,0.91,,,73.15,214.243,43.1,18.436,12.644,57410.166,,99.739,5.59,22.6,28.9,,83.78,0.955
Switzerland,2,0.1078441926871844,12,6,8,10,10,7,3.338881307244317,0.5473011627338622,3.1694956132148104,3.670818888751458,441.23373844328273,58.71,-10.0,0.0,1.0,1.07,0.149,6.7,60.19,214.243,43.1,18.436,12.644,57410.166,,99.739,5.59,22.6,28.9,,83.78,0.955
Switzerland,3,0.0264716704182229,4,2,3,19,8,2,1.8667903391362557,0.3373302764020031,15.47460189864166,8.447599183706627,1337.592567902634,45.08,0.0,5936959.0,5580741.0,1.12,0.167,6.0,50.0,214.243,43.1,18.436,12.644,57410.166,,99.739,5.59,22.6,28.9,,83.78,0.955
Syria,1,0.0064606245811378,2,1,1,5,1,1,,,,,5.339876373572258,55.7,-11.0,0.0,0.0,1.16,,,39.35,,21.7,,2.577,,,376.264,,,,70.598,72.7,0.567
Syria,2,0.0063297846036464,2,1,1,5,1,1,,,,,11.88736696545315,54.4,-16.0,8866.0,1127.0,1.0,,,57.87,,21.7,,2.577,,,376.264,,,,70.598,72.7,0.567
Syria,3,0.0063878159659403,2,1,1,5,1,1,,,,,21.833358649275564,41.36,11.0,717666.0,411386.0,1.07,,,60.65,,21.7,,2.577,,,376.264,,,,70.598,72.7,0.567
Taiwan,1,0.0095364912726082,2,1,2,5,1,1,,,0.3185368875164494,1.337706531056288,4.902115312642109,96.81,-41.0,743578.0,22093.0,0.94,0.015,66.5,71.3,,42.2,,8.353,,,103.957,,,,,80.46,
Taiwan,2,0.0589758864050684,8,4,5,4,12,4,,,4.947260969269011,4.421210003367008,1030.3417211178466,88.84,-9.0,20222878.0,19009506.0,1.05,0.8121,1.2,26.85,,42.2,,8.353,,,103.957,,,,,80.46,
Thailand,1,0.036118861282074,6,3,4,9,21,3,,,1.731682608432859,0.8535708303962708,160.236665621933,87.0,-36.0,22552587.0,6860084.0,0.93,0.3244,3.1,75.93,135.132,40.1,11.373,6.89,16277.671,0.1,109.861,7.04,1.9,38.8,90.67,77.15,0.777
Thailand,2,0.0175126339576403,3,2,2,11,13,1,,,3.3988331863443992,0.8360013497478315,583.8813038481709,77.54,-17.0,56376475.0,50629693.0,0.89,0.5582,1.8,40.28,135.132,40.1,11.373,6.89,16277.671,0.1,109.861,7.04,1.9,38.8,90.67,77.15,0.777
Timor,1,0.0039922787595572,1,1,1,8,16,1,,,,,34.14752116082225,80.84,-38.0,132835.0,124865.0,1.19,,,78.7,87.176,18.0,3.556,1.897,6570.102,30.3,335.346,6.86,6.3,78.1,28.178,69.5,0.606
Timor,2,0.0173129641298483,3,2,2,11,13,1,,,1.3756562180262302,,124.13356897032834,72.17,-39.0,185027.0,173925.0,0.94,0.2039,4.9,68.98,87.176,18.0,3.556,1.897,6570.102,30.3,335.346,6.86,6.3,78.1,28.178,69.5,0.606
Timor,3,0.0022270655827364,1,1,1,8,16,1,,,,,168.0513440610176,70.67,-11.0,221378.0,208095.0,0.6,0.0891,11.2,36.11,87.176,18.0,3.556,1.897,6570.102,30.3,335.346,6.86,6.3,78.1,28.178,69.5,0.606
Togo,1,0.0008503355213262,1,1,1,8,16,1,,,0.0872787070715839,0.1665439604106606,1.7845680743720218,37.41,-2.0,,,0.97,0.0151,66.1,49.07,143.366,19.4,2.839,1.525,1429.813,49.2,280.033,6.15,0.9,14.2,10.475,61.04,0.515
Togo,2,0.0011107378042523,1,1,1,8,16,1,,,0.3043873954057928,0.1450772459667935,9.992637624639638,70.56,1.0,0.0,0.0,1.17,0.0903,11.1,69.44,143.366,19.4,2.839,1.525,1429.813,49.2,280.033,6.15,0.9,14.2,10.475,61.04,0.515
Togo,3,0.0021346118299053,1,1,1,8,16,1,,,0.5575813948221813,0.2442723385343329,26.224776315656005,28.84,21.0,410664.0,234000.0,0.99,0.1088,9.2,50.93,143.366,19.4,2.839,1.525,1429.813,49.2,280.033,6.15,0.9,14.2,10.475,61.04,0.515
Togo,4,0.0010838078847006,1,1,1,8,16,1,,,0.7504503881818896,0.2157286852628174,40.87875764810677,28.84,26.0,1404110.0,1049818.0,1.0,0.2183,4.6,21.76,143.366,19.4,2.839,1.525,1429.813,49.2,280.033,6.15,0.9,14.2,10.475,61.04,0.515
Trinidad and Tobago,1,0.1003031278190988,12,6,8,21,17,6,,,1.2704667465693391,1.1529357106516154,161.1829775954236,62.5,-57.0,84900.0,1179.0,1.05,0.251,4.0,64.81,266.886,36.2,10.014,5.819,28763.071,,228.467,10.97,,,89.443,73.51,0.796
Trinidad and Tobago,2,0.1790451647956995,17,8,12,18,20,11,,,3.4719183909634923,0.5878689501159349,611.9038830703719,86.53,-5.0,704942.0,660103.0,0.97,0.341,2.9,59.26,266.886,36.2,10.014,5.819,28763.071,,228.467,10.97,,,89.443,73.51,0.796
Tunisia,1,0.0597392264542093,8,4,5,4,12,4,,,,,59.96180889635552,46.78,-15.0,,,1.06,,,68.52,74.228,32.7,8.001,5.075,10849.297,2.0,318.991,8.52,1.1,65.8,78.687,76.7,0.74
Tunisia,2,0.0624100818514843,9,4,5,4,12,4,,,,,165.3626864606237,52.49,-18.0,0.0,0.0,0.92,,,72.22,74.228,32.7,8.001,5.075,10849.297,2.0,318.991,8.52,1.1,65.8,78.687,76.7,0.74
Tunisia,3,0.0663079680278531,9,4,6,4,12,4,,,1.0936643854553425,0.536203631372068,258.98551613453486,51.81,-13.0,282121.0,89962.0,0.98,0.2647,3.8,72.22,74.228,32.7,8.001,5.075,10849.297,2.0,318.991,8.52,1.1,65.8,78.687,76.7,0.74
Tunisia,4,0.1478139760471135,15,7,10,1,18,9,,,,,485.0648856663051,57.07,4.0,1730512.0,1037184.0,0.89,0.2579,3.9,79.63,74.228,32.7,8.001,5.075,10849.297,2.0,318.991,8.52,1.1,65.8,78.687,76.7,0.74
Tunisia,5,0.0498933971884832,7,4,5,15,3,3,,,,,792.1177060806498,39.86,17.0,7129507.0,6276485.0,0.93,0.3721,2.7,59.26,74.228,32.7,8.001,5.075,10849.297,2.0,318.991,8.52,1.1,65.8,78.687,76.7,0.74
Turkey,1,0.0131674366403263,3,2,2,11,13,1,,,0.0698457067514855,0.4156028093922095,10.148544609383215,71.56,-62.0,,,1.04,0.1137,8.8,77.78,104.914,31.6,8.153,5.061,25129.341,0.2,171.285,12.13,14.1,41.1,,77.69,0.82
Turkey,2,0.0289709806725879,5,3,3,13,21,2,,,2.7033316519825985,2.377733943084804,244.88981633892868,88.72,-42.0,0.0,0.0,0.44,0.1157,8.6,62.5,104.914,31.6,8.153,5.061,25129.341,0.2,171.285,12.13,14.1,41.1,,77.69,0.82
Turkey,3,0.040491545074467,6,3,4,9,9,3,,,5.455498633063734,3.3182375505886825,553.907625925864,85.0,-37.0,13383037.0,8295424.0,0.79,0.1609,6.2,87.04,104.914,31.6,8.153,5.061,25129.341,0.2,171.285,12.13,14.1,41.1,,77.69,0.82
Turkey,4,0.0307558746581248,5,3,3,13,21,2,,,9.124001607850436,3.3322657916368077,761.812625595677,58.83,8.0,49501482.0,38141442.0,1.06,0.0723,13.8,28.7,104.914,31.6,8.153,5.061,25129.341,0.2,171.285,12.13,14.1,41.1,,77.69,0.82
Turkey,5,0.031210737022854,5,3,3,13,21,2,,,16.314855157058915,5.447155416072221,1549.086920251484,59.18,12.0,57721999.0,52672756.0,0.94,0.1972,5.1,58.33,104.914,31.6,8.153,5.061,25129.341,0.2,171.285,12.13,14.1,41.1,,77.69,0.82
Ukraine,1,0.0514150129264108,7,4,5,15,3,3,,,1.140478823135494,0.9091761988028478,206.04680967934576,72.8,-17.0,0.0,0.0,0.91,0.3403,2.9,61.57,77.39,41.4,16.462,11.133,7894.393,0.1,539.849,7.11,13.5,47.4,,72.06,0.779
Ukraine,2,0.0896733160524135,11,5,7,14,6,6,,,1.9963999208407737,0.47923908492781,440.2012643114328,69.2,-24.0,388399.0,5.0,0.97,0.3298,3.0,66.67,77.39,41.4,16.462,11.133,7894.393,0.1,539.849,7.11,13.5,47.4,,72.06,0.779
Ukraine,3,0.1570631931637422,16,8,11,12,11,9,,,3.466346584988431,1.5492505985369716,760.0495844853807,65.39,-14.0,12023097.0,8443014.0,0.96,0.3849,2.6,57.41,77.39,41.4,16.462,11.133,7894.393,0.1,539.849,7.11,13.5,47.4,,72.06,0.779
Ukraine,4,0.0539807642711951,8,4,5,15,3,4,,,4.385137933479471,,1093.6898032250897,58.23,-13.0,15631958.0,14694041.0,0.96,0.5412,1.8,75.0,77.39,41.4,16.462,11.133,7894.393,0.1,539.849,7.11,13.5,47.4,,72.06,0.779
United Arab Emirates,1,0.0078300878653495,2,1,1,5,1,1,,,1.244851033666721,2.5253518562502184,14.743146463701684,81.46,-53.0,,,1.09,0.0206,48.6,77.78,112.442,34.0,1.144,0.526,67293.483,,317.84,17.26,1.2,37.4,,77.97,0.89
United Arab Emirates,2,0.0149333651817325,3,2,2,11,13,1,,,29.38633179205898,19.787744731977504,370.7556027709909,87.22,-27.0,3411455.0,2099765.0,0.92,0.0174,57.5,53.7,112.442,34.0,1.144,0.526,67293.483,,317.84,17.26,1.2,37.4,,77.97,0.89
United Arab Emirates,3,0.0054041386384238,2,1,1,5,1,1,,,56.97057265964061,26.65797091266282,627.4955377710305,83.85,-24.0,7137576.0,6078913.0,0.99,0.008,125.6,47.22,112.442,34.0,1.144,0.526,67293.483,,317.84,17.26,1.2,37.4,,77.97,0.89
United Arab Emirates,4,0.0035472184346782,1,1,1,8,16,1,,,122.78539874005652,50.0592378223662,833.9446284251667,77.01,-5.0,8819186.0,8290035.0,0.93,0.0056,179.4,47.22,112.442,34.0,1.144,0.526,67293.483,,317.84,17.26,1.2,37.4,,77.97,0.89
United Kingdom,1,0.1289123565028715,14,7,9,6,2,8,3.124014307363892,0.480448417741293,0.0556612027302606,0.2135847589153237,14.291764345871604,8.21,-71.0,,,1.13,0.2735,3.7,79.63,272.898,40.8,18.517,12.527,39753.244,0.2,122.137,4.28,20.0,24.7,,81.32,0.932
United Kingdom,2,0.1756980601759517,17,8,12,18,20,11,5.580209712435568,0.5805846000169426,8.85422303603111,9.605610933780309,520.038569583812,66.67,-54.0,5383103.0,466796.0,0.82,0.0724,13.8,87.96,272.898,40.8,18.517,12.527,39753.244,0.2,122.137,4.28,20.0,24.7,,81.32,0.932
United Kingdom,3,0.0387794870634755,6,3,4,9,9,3,2.67112899689613,0.0973505490937499,62.29997211141348,21.47561909744488,2294.612259946961,45.95,-19.0,52346582.0,48082636.0,0.94,0.067,14.9,46.76,272.898,40.8,18.517,12.527,39753.244,0.2,122.137,4.28,20.0,24.7,,81.32,0.932
United Kingdom,4,0.0370490366591379,6,3,4,9,9,3,2.4198355614342515,0.0495549481832642,72.67311134143573,5.655363163437761,3222.9685014967795,15.04,-14.0,53248088.0,49661362.0,0.81,0.0704,14.2,11.11,272.898,40.8,18.517,12.527,39753.244,0.2,122.137,4.28,20.0,24.7,,81.32,0.932
United States,1,0.0650675876575057,9,4,6,4,12,4,,,0.1290477763106635,0.5965996000529552,21.360853128566955,49.23,-50.0,,,1.01,0.188,5.3,72.69,35.608,38.3,15.413,9.732,54225.446,1.2,151.089,10.79,19.1,24.6,,78.86,0.926
United States,2,0.0973926795516624,12,6,8,14,17,6,3.8023210688261,0.863103002659471,8.411820967890447,6.3662662508336885,698.2270499412713,76.85,-32.0,15954858.0,2442035.0,0.95,0.124,8.1,71.76,35.608,38.3,15.413,9.732,54225.446,1.2,151.089,10.79,19.1,24.6,,78.86,0.926
United States,3,0.0627866718345111,9,4,5,4,12,4,2.4738441251837098,0.7069670867471745,17.132928321533434,5.802107356664781,1275.879024931145,40.68,-9.0,215622865.0,188430097.0,0.89,0.074,13.5,56.02,35.608,38.3,15.413,9.732,54225.446,1.2,151.089,10.79,19.1,24.6,,78.86,0.926
United States,4,0.0764952303121005,10,5,6,2,14,5,3.620502927422265,0.6809544466586694,23.853568432891088,5.324168649689921,2265.603389289606,47.48,-15.0,254312679.0,214409389.0,0.63,0.183,5.5,58.8,35.608,38.3,15.413,9.732,54225.446,1.2,151.089,10.79,19.1,24.6,,78.86,0.926
Uruguay,1,0.1746620226320114,17,8,12,18,20,10,,,4.666163771336229,2.801886402659052,472.7024818429727,86.15,-34.0,1089429.0,303773.0,0.97,0.205,4.9,72.22,19.751,35.6,14.655,10.361,20551.409,0.1,160.708,6.93,14.0,19.9,,77.91,0.817
Uruguay,2,0.0656635333839098,9,4,6,4,12,4,,,15.12490129555325,8.067080001101818,1981.2507460219813,71.37,-10.0,2824543.0,2655070.0,0.97,0.3936,2.5,28.7,19.751,35.6,14.655,10.361,20551.409,0.1,160.708,6.93,14.0,19.9,,77.91,0.817
Uruguay,3,0.0081986465009273,2,1,1,5,1,1,,,,,2682.697913892995,35.91,-3.0,2824543.0,2655070.0,0.55,,,,19.751,35.6,14.655,10.361,20551.409,0.1,160.708,6.93,14.0,19.9,,77.91,0.817
Uzbekistan,1,0.0017056661501516,1,1,1,8,16,1,,,,,13.767481004185408,73.94,-8.0,,,1.16,,,43.52,76.134,28.2,4.469,2.873,6253.104,,724.417,7.57,1.3,24.7,,71.72,0.72
Uzbekistan,2,0.0020162202546487,1,1,1,8,16,1,,,,,39.4427530954437,53.73,-9.0,5776110.0,1376836.0,1.11,,,71.3,76.134,28.2,4.469,2.873,6253.104,,724.417,7.57,1.3,24.7,,71.72,0.72
Uzbekistan,3,0.0009490280502001,1,1,1,8,16,1,,,,,64.05041996253804,36.91,-11.0,18122964.0,11688954.0,1.23,,,45.37,76.134,28.2,4.469,2.873,6253.104,,724.417,7.57,1.3,24.7,,71.72,0.72
Venezuela,1,0.0029957391905304,1,1,1,8,16,1,,,,,22.704797190533046,87.06,-33.0,,,0.95,,,82.41,36.253,29.0,6.614,3.915,16745.022,,204.85,6.47,,,,72.06,0.711
Venezuela,2,0.0066419626171056,2,1,1,5,1,1,,,,,65.0567304653097,89.02,-27.0,265343.0,0.0,1.03,,,87.96,36.253,29.0,6.614,3.915,16745.022,,204.85,6.47,,,,72.06,0.711
Venezuela,3,0.0028198126869908,1,1,1,8,16,1,,,,,176.2577718746528,72.43,19.0,22217345.0,15986166.0,0.83,,,28.7,36.253,29.0,6.614,3.915,16745.022,,204.85,6.47,,,,72.06,0.711
Vietnam,1,0.0358759958621896,6,3,4,9,21,3,,,,,37.61550420449653,79.11,-70.0,16056222.0,2039251.0,1.14,,,72.69,308.127,32.6,7.15,4.718,6171.884,2.0,245.465,6.0,1.0,45.9,85.847,75.4,0.704
Vietnam,2,0.0242721191469035,4,2,3,19,8,2,,,7.385776191748198,4.545760650766242,155.2802468490278,74.29,-36.0,75840088.0,61549852.0,1.07,0.0931,10.7,68.52,308.127,32.6,7.15,4.718,6171.884,2.0,245.465,6.0,1.0,45.9,85.847,75.4,0.704
Yemen,1,0.0034038634316584,1,1,1,8,16,1,,,,,0.2768062683107428,28.45,-6.0,,,1.18,,,63.89,53.508,20.3,2.922,1.583,1479.147,18.8,495.003,5.35,7.6,29.2,49.542,66.12,0.47
Yemen,2,0.0045570806239908,1,1,1,5,16,1,,,,,1.5735977196148627,21.1,28.0,0.0,0.0,1.06,,,34.26,53.508,20.3,2.922,1.583,1479.147,18.8,495.003,5.35,7.6,29.2,49.542,66.12,0.47
Yemen,3,0.00290597913904,1,1,1,8,16,1,,,,,2.7241147684704146,12.56,54.0,307605.0,14841.0,1.07,,,29.63,53.508,20.3,2.922,1.583,1479.147,18.8,495.003,5.35,7.6,29.2,49.542,66.12,0.47
Yemen,4,0.0022288902721914,1,1,1,8,16,1,,,,,3.789031774637455,6.38,62.0,602163.0,360428.0,0.96,,,26.85,53.508,20.3,2.922,1.583,1479.147,18.8,495.003,5.35,7.6,29.2,49.542,66.12,0.47
Zambia,1,0.0036702999050191,1,1,1,8,16,1,,,0.0366245210195396,0.0714562924532694,1.5749981620617086,55.22,-3.0,,,0.78,0.1914,5.2,50.93,22.995,17.7,2.48,1.542,3689.251,57.5,234.499,3.94,3.1,24.7,13.938,63.89,0.584
Zambia,2,0.0081259919251218,2,1,1,5,1,1,,,0.4716802381650912,0.600137722490292,27.28446480478981,47.17,-13.0,98.0,88.0,1.07,0.1085,9.2,49.07,22.995,17.7,2.48,1.542,3689.251,57.5,234.499,3.94,3.1,24.7,13.938,63.89,0.584
Zambia,3,0.0302164257879628,5,3,3,13,21,2,,,0.996576915907307,0.5890387421536155,83.41782211896765,52.78,3.0,222738.0,14459.0,1.01,0.2419,4.1,49.07,22.995,17.7,2.48,1.542,3689.251,57.5,234.499,3.94,3.1,24.7,13.938,63.89,0.584
Zambia,4,0.0041037122400136,1,1,1,8,16,1,,,1.612409653639406,0.6536770895429266,148.8193565371435,76.55,18.0,1585185.0,1332136.0,1.06,0.2948,3.4,37.96,22.995,17.7,2.48,1.542,3689.251,57.5,234.499,3.94,3.1,24.7,13.938,63.89,0.584
Zimbabwe,1,0.003145077411328,1,1,1,8,16,1,,,0.0435417807020606,0.0715602811550439,2.796814321809632,55.8,-26.0,,,1.09,0.1445,6.9,80.56,42.729,19.6,2.822,1.882,1899.775,21.4,307.846,1.82,1.6,30.7,36.791,61.49,0.571
Zimbabwe,2,0.0242028768823252,4,2,3,19,8,2,,,0.1888754109663878,0.2927345575397999,19.4855995204401,68.2,-42.0,0.0,0.0,0.91,0.2101,4.8,84.26,42.729,19.6,2.822,1.882,1899.775,21.4,307.846,1.82,1.6,30.7,36.791,61.49,0.571
Zimbabwe,3,0.0451237584175265,7,3,4,22,9,3,,,0.5858083638198905,0.7861029403920747,63.401083912977136,50.25,21.0,1465554.0,677774.0,0.99,0.1995,5.0,62.04,42.729,19.6,2.822,1.882,1899.775,21.4,307.846,1.82,1.6,30.7,36.791,61.49,0.571
Zimbabwe,4,0.0120826337045876,3,2,2,5,13,1,,,1.1335844259914627,0.2380704538796969,141.93716729024604,62.11,104.0,4157183.0,3140338.0,0.77,0.2791,3.6,52.78,42.729,19.6,2.822,1.882,1899.775,21.4,307.846,1.82,1.6,30.7,36.791,61.49,0.571
