index,location,peak_date,n_peak,peak_magnitude,peak_magnitude_norm,cluster_fd_km,cluster_fd_agg,cluster_fd_jenks,cluster_sturges_jenks,cluster_scott_jenks,mask_use,mobility,vaccination_1_dose,vaccination_full,iso_code,continent,total_cases,new_cases_smoothed,total_deaths,new_deaths_smoothed,total_cases_per_million,new_cases_per_million,new_cases_smoothed_per_million,total_deaths_per_million,new_deaths_per_million,new_deaths_smoothed_per_million,reproduction_rate,icu_patients,icu_patients_per_million,hosp_patients,hosp_patients_per_million,weekly_icu_admissions,weekly_icu_admissions_per_million,weekly_hosp_admissions,weekly_hosp_admissions_per_million,total_tests,new_tests,total_tests_per_thousand,new_tests_per_thousand,new_tests_smoothed,new_tests_smoothed_per_thousand,positive_rate,tests_per_case,tests_units,total_vaccinations,people_vaccinated,people_fully_vaccinated,total_boosters,new_vaccinations,new_vaccinations_smoothed,total_vaccinations_per_hundred,people_vaccinated_per_hundred,people_fully_vaccinated_per_hundred,total_boosters_per_hundred,new_vaccinations_smoothed_per_million,new_people_vaccinated_smoothed,new_people_vaccinated_smoothed_per_hundred,stringency_index,population,population_density,median_age,aged_65_older,aged_70_older,gdp_per_capita,extreme_poverty,cardiovasc_death_rate,diabetes_prevalence,female_smokers,male_smokers,handwashing_facilities,hospital_beds_per_thousand,life_expectancy,human_development_index,excess_mortality_cumulative_absolute,excess_mortality_cumulative,excess_mortality,excess_mortality_cumulative_per_million
0,Afghanistan,2020-06-04,1,693.301783877709,0.174041504933174,8,32,1,1,1,44.98,-21,,,AFG,Asia,17977,696429,303,9143,451282,15664,17483,7606,126,0.23,1.14,,,,,,,,,,,,,,,,,,,,,,,,,,,,,,,84.26,39835428,54422,18.6,2581,1337,1803987,,597029,9.59,,,37746,0.5,64.83,511,,,,
3,Afghanistan,2020-12-02,2,219.881093033393,0.0551973718051663,8,32,1,1,1,35.15,12,0,0,AFG,Asia,46717,205571,1795,11857,1172.75,5498,5161,45.06,527,298,1.09,,,,,,,,,,,,,,,,,,,,,,,,,,,,,,,12.04,39835428,54422,18.6,2581,1337,1803987,,597029,9.59,,,37746,0.5,64.83,511,,,,
4,Afghanistan,2021-06-21,3,1721.63352247545,0.432186525641309,29,13,2,1,1,42.98,2,569954,182950,AFG,Asia,103902,1777714,4215,86143,2608281,50106,44626,105.81,2335,2162,1.12,,,,,,,,,,,,,,,,,,,,,,,12986,,,,,326,12174,31,46.3,39835428,54422,18.6,2581,1337,1803987,,597029,9.59,,,37746,0.5,64.83,511,,,,
11,Afghanistan,2022-05-29,4,67.8631631863788,0.0170358815239487,8,32,1,1,1,29.93,41,5634177,4915547,AFG,Asia,180174,65429,7701,429,4522959,1305,1642,193.32,0,11,1.27,,,,,,,,,,,,,,,,,,,,,,,5985,,,,,150,5559,14,11.11,39835428,54422,18.6,2581,1337,1803987,,597029,9.59,,,37746,0.5,64.83,511,,,,
25,Albania,2020-12-07,1,765.156147280713,2.66332657583054,22,7,5,2,3,60.91,-30,0,0,ALB,Europe,43683,785857,922,16,15205013,241913,273538,320926,5917,5569,1.05,,,,,,,,,190587,1963,66339,683,1921,669,0.4091,2.4,tests performed,,,,,,,,,,,,,,65.74,2872934,104871,38,13188,8643,11803431,1.1,304195,10.08,7.1,51.2,,2.89,78.57,795,,,,
26,Albania,2021-02-11,2,1056.97373907616,3.67907421150698,12,17,7,2,3,54.94,-30,789,481,ALB,Europe,89776,1111857,1517,14143,31248891,384624,387011,528032,4873,4923,1.08,,,,,,,,,382779,4092,133236,1424,3576,1245,0.3109,3.2,tests performed,,,,,,79,,,,,27,29,1,60.19,2872934,104871,38,13188,8643,11803431,1.1,304195,10.08,7.1,51.2,,2.89,78.57,795,,,,
27,Albania,2021-09-08,3,861.575407720058,2.99893909056058,22,28,6,2,3,23.22,6,881514,687854,ALB,Europe,153318,849857,2528,3857,53366.35,375574,295815,879937,1.74,1343,1.12,,,,,,,,,1059234,6732,368694,2343,5735,1996,0.1482,6.7,tests performed,1567313,879459,687854,,13687,11723,54.55,30.61,23.94,,4080,6121,213,41.67,2872934,104871,38,13188,8643,11803431,1.1,304195,10.08,7.1,51.2,,2.89,78.57,795,,,,
29,Albania,2022-01-17,4,1940.5755655746,6.75468202741379,6,2,11,3,4,28.95,-14,1193682,1081283,ALB,Europe,233654,1881,3271,4286,81329401,353994,654731,1138557,696,1492,1.36,,,,,,,,,1513915,4024,526958,1401,6690,2329,0.2812,3.6,tests performed,,,,,,5976,,,,,2080,1674,58,43.52,2872934,104871,38,13188,8643,11803431,1.1,304195,10.08,7.1,51.2,,2.89,78.57,795,,,,
36,Algeria,2020-07-25,1,595.158209103835,0.133393818058729,8,32,1,1,1,46.57,-21,,,DZA,Africa,26764,602143,1146,11143,599866,13.56,13496,25685,224,0.25,1.09,63,1412,,,,,,,,,,,,,,,,,,,,,,,,,,,,,74.07,44616626,17348,29.1,6211,3857,13913839,0.5,278364,6.73,0.7,30.4,83741,1.9,76.88,748,,,,
37,Algeria,2020-11-23,2,1013.49177395716,0.227155628925674,8,13,1,1,1,46.8,-15,,,DZA,Africa,75867,1039714,2294,18,1700.42,22525,23303,51416,493,403,1.17,46,1031,,,,,,,,,,,,,,,,,,,,,,,,,,,,,72.22,44616626,17348,29.1,6211,3857,13913839,0.5,278364,6.73,0.7,30.4,83741,1.9,76.88,748,,,,
40,Algeria,2021-07-28,3,1380.83626720159,0.309489172758512,29,13,1,1,1,49.51,4,3002594,642284,DZA,Africa,167131,1446571,4161,23857,3745935,43.19,32422,93261,1098,535,1.2,36,807,,,,,,,,,,,,,,,,,,,,,22369,,,,,501,18386,41,49.07,44616626,17348,29.1,6211,3857,13913839,0.5,278364,6.73,0.7,30.4,83741,1.9,76.88,748,,,,
41,Algeria,2022-01-25,4,1715.50898010183,0.384499935091871,29,13,2,1,1,42.17,12,7335244,5906889,DZA,Africa,241406,1978143,6516,11571,5410674,56504,44336,146044,179,259,1.57,44,986,,,,,,,,,,,,,,,,,,,,,16222,,,,,364,5204,12,65.74,44616626,17348,29.1,6211,3857,13913839,0.5,278364,6.73,0.7,30.4,83741,1.9,76.88,748,,,,
46,Andorra,2020-10-23,1,95.9232001243408,12.4005481454535,3,1,17,4,6,57.47,-23,,,AND,Europe,4038,94429,69,1429,52201567,2934561,1220733,892003,77565,18468,1.23,,,,,,,,,,,,,1162,15022,0.0813,12.3,tests performed,,,,,,,,,,,,,,59.26,77354,163755,,,,,,109135,7.97,29,37.8,,,83.73,868,,,,
53,Andorra,2022-01-10,2,423.892022638769,54.7989790623328,7,3,31,9,12,49.61,-23,57602,52573,AND,Europe,27983,497286,141,143,361752463,20360938,6428701,1822789,0,1847,1.14,,,,,,,,,281100,,3633943,,853,11027,583,1.7,tests performed,,,,,,865,,,,,11182,27,35,44.44,77354,163755,,,,,,109135,7.97,29,37.8,,,83.73,868,,,,
58,Andorra,2022-05-15,3,62.0458992426625,8.0210330742641,19,5,12,3,5,39.7,-7,57968,54490,AND,Europe,42156,62714,153,0,544975.05,0,810744,1977.92,0,0,0.58,,,,,,,,,,,,,,,,,,,,,,,14,,,,,181,0,0,8.33,77354,163755,,,,,,109135,7.97,29,37.8,,,83.73,868,,,,
63,Angola,2020-10-27,1,239.67526650096,0.0706306400756937,8,32,1,1,1,78.38,-13,,,AGO,Africa,9871,260286,271,2857,290892,6.69,7.67,7986,29,84,1.11,,,,,,,,,,,,,,,,,,,,,,,,,,,,,,,65.74,33933611,23.89,16.8,2405,1362,5819495,,276045,3.94,,,26664,,61.15,581,,,,
67,Angola,2021-05-19,2,270.195614558074,0.079624775140516,8,32,1,1,1,80.01,2,614519,92327,AGO,Africa,31438,290429,696,7286,926456,11581,8559,20511,324,215,1.05,,,,,,,,,,,,,,,,,,,,,,,11468,,,,,338,4020,12,33.33,33933611,23.89,16.8,2405,1362,5819495,,276045,3.94,,,26664,,61.15,581,,,,
69,Angola,2021-09-30,3,464.223472241279,0.136803440176549,8,32,1,1,1,72.78,30,2410995,1074811,AGO,Africa,56583,391857,1537,11,1667462,0,11548,45294,0,324,1.21,,,,,,,,,,,,,,,,,,,,,,,64012,,,,,1886,52870,156,63.89,33933611,23.89,16.8,2405,1362,5819495,,276045,3.94,,,26664,,61.15,581,,,,
70,Angola,2021-12-30,4,1271.02888252344,0.374563403382988,29,13,2,1,1,65.54,85,7723572,3929727,AGO,Africa,79871,1644143,1764,3,2353743,41139,48452,51984,118,88,2,,,,,,,,,,,,,,,,,,11615144,7685417,3929727,,,64318,34.23,22.65,11.58,,1895,37393,0.11,73.15,33933611,23.89,16.8,2405,1362,5819495,,276045,3.94,,,26664,,61.15,581,,,,
108,Argentina,2020-10-18,1,14042.732735267,3.07915345267796,22,28,6,2,3,88.29,-35,,,ARG,South America,989680,13639143,26267,342714,21700738,231571,299066,575957,3508,7515,1.06,4387,96194,,,,,,,2942097,17678,64511,388,31992,701,391,2.6,tests performed,,,,,,,,,,,,,,82.87,45605823,16177,31.9,11198,7441,18933907,0.6,191032,5.5,16.2,27.7,,5,76.67,845,,,,
109,Argentina,2021-01-12,2,10925.8539699809,2.3957146809917,1,7,5,2,2,84.21,-30,420958,25398,ARG,South America,1744704,11710571,44848,151857,38256167,302.22,256778,983383,4254,3.33,1.11,3619,79354,,,,,,,5636913,52811,123601,1158,48578,1065,213,4.7,tests performed,175322,175255,45,22,19402,15263,0.38,0.38,0,0,335,15257,33,79.17,45605823,16177,31.9,11198,7441,18933907,0.6,191032,5.5,16.2,27.7,,5,76.67,845,,,,
111,Argentina,2021-05-26,3,30956.833896955,6.78791256479573,6,2,11,3,4,87.84,-43,9738487,2652367,ARG,South America,3622135,30139286,75588,474714,79422643,776195,660865,1657.42,11665,10409,1.08,6644,145683,,,,,,,14011918,115360,307.24,2.53,96428,2114,284,3.5,tests performed,11952142,9298015,2653931,201,153123,115816,26.21,20.39,5.82,0,2540,72233,158,81.48,45605823,16177,31.9,11198,7441,18933907,0.6,191032,5.5,16.2,27.7,,5,76.67,845,,,,
112,Argentina,2022-01-15,4,107196.401819941,23.5049813309895,15,29,23,6,8,73.64,-11,35916165,33761195,ARG,South America,7029624,113157,117989,74857,154138738,2119291,2481196,2587148,1.93,1641,1.29,1965,43087,,,,,,,31512990,122005,690986,2675,200403,4394,618,1.6,tests performed,84053408,39671845,34573217,10048264,187753,392869,184.3,86.99,75.81,22.03,8614,53883,118,49.07,45605823,16177,31.9,11198,7441,18933907,0.6,191032,5.5,16.2,27.7,,5,76.67,845,,,,
113,Argentina,2022-05-29,5,6816.89417310329,1.49474205807081,32,27,3,1,2,51.65,14,35916165,33761195,ARG,South America,9230573,7396857,128889,9143,202399001,1135337,162191,2826152,1403,0.2,-0.02,,,,,,,,,36418189,8760,798543,192,20056,0.44,303,3.3,tests performed,102792875,41131841,37470378,24505869,56795,147090,225.39,90.19,82.16,53.73,3225,1933,4,,45605823,16177,31.9,11198,7441,18933907,0.6,191032,5.5,16.2,27.7,,5,76.67,845,,,,
115,Armenia,2020-06-27,1,582.020308593479,1.96090030009986,1,12,4,2,2,74.56,-17,,,ARM,Asia,23909,600143,421,12714,8055246,223036,202196,141.84,3706,4284,1.1,,,,,,,,,109173,2065,36782,696,1917,646,326,3.1,tests performed,,,,,,,,,,,,,,,2968128,102931,35.7,11232,7571,8787.58,1.8,341.01,7.11,1.5,52.1,94043,4.2,75.09,776,,,,
116,Armenia,2020-10-31,2,2014.27029068306,6.7863322965959,6,2,11,3,4,66.65,-14,,,ARM,Asia,89813,2041429,1341,26286,30259.14,802189,687783,451.8,13813,8856,1.16,,,,,,,,,407980,5392,137454,1817,4377,1475,471,2.1,tests performed,,,,,,,,,,,,,,,2968128,102931,35.7,11232,7571,8787.58,1.8,341.01,7.11,1.5,52.1,94043,4.2,75.09,776,4061,19.47,84.04,1368.202449
118,Armenia,2021-03-30,3,908.696051086585,3.06151234409899,22,28,6,2,3,45.88,-14,0,0,ARM,Asia,191491,924429,3497,16143,64515749,252685,311452,1178184,7075,5439,1.1,,,,,,,,,853829,6354,287666,2141,5203,1753,177,5.6,tests performed,,,,,,,,,,,,,,,2968128,102931,35.7,11232,7571,8787.58,1.8,341.01,7.11,1.5,52.1,94043,4.2,75.09,776,,,,
119,Armenia,2021-10-26,4,1854.26014185052,6.24723779382331,25,2,10,3,4,40.09,-3,526399,223123,ARM,Asia,298069,1976,6112,38571,100423.23,511097,665739,2059.21,19204,12995,1.14,,,,,,,,,2033371,13696,685069,4614,15292,5152,129,7.8,tests performed,,,,,,14046,,,,,4732,9787,0.33,,2968128,102931,35.7,11232,7571,8787.58,1.8,341.01,7.11,1.5,52.1,94043,4.2,75.09,776,,,,
120,Armenia,2022-02-04,5,2811.2590174405,9.4714884851344,10,11,14,4,5,32.4,-8,1053086,854190,ARM,Asia,383458,3100571,8075,5714,129191868,1412338,1044622,2720.57,3369,1925,1.49,,,,,,,,,2772936,8857,934237,2984,7919,2668,417,2.4,tests performed,,,,,,6669,,,,,2247,3558,0.12,,2968128,102931,35.7,11232,7571,8787.58,1.8,341.01,7.11,1.5,52.1,94043,4.2,75.09,776,,,,
162,Austria,2020-11-12,1,6573.32398672564,7.26890595001968,19,5,12,3,5,58.28,-31,,,AUT,Europe,174910,6700714,2108,64857,19341879,822176,740978,233107,7962,7172,1.22,546,60378,3811,421428,,,,,2575405,38226,284793,4227,30351,3356,,,tests performed,,,,,,,,,,,,,,75,9043072,106749,44.4,19202,13748,45436686,0.7,145183,6.35,28.4,30.9,,7.37,81.54,922,,,,
164,Austria,2021-03-26,2,3078.47366439882,3.40423438450874,12,17,6,2,3,52.21,-28,1191356,440147,AUT,Europe,522107,3144143,11239,32571,57735579,381176,347685,1242.83,3096,3602,1.07,471,52084,2164,239299,,,,,22051094,485632,2438452,53702,315077,34842,0.01,100.2,tests performed,1631621,1191453,440164,61,,35685,18.04,13.18,4.87,0,3946,22312,247,73.15,9043072,106749,44.4,19202,13748,45436686,0.7,145183,6.35,28.4,30.9,,7.37,81.54,922,,,,
166,Austria,2021-11-20,3,12802.316831058,14.1570440123202,16,16,18,5,7,43.74,-14,6327506,5823533,AUT,Europe,1025373,13236286,14746,54143,113387685,1645569,1463694,1630641,5971,5987,1.23,525,58055,2872,317591,,,,,106308001,430547,11755.74,47611,473985,52414,0.0279,35.8,tests performed,,,,,,100487,,,,,11112,15726,174,59.26,9043072,106749,44.4,19202,13748,45436686,0.7,145183,6.35,28.4,30.9,,7.37,81.54,922,,,,
168,Austria,2022-03-17,4,43137.3682054246,47.7021173838101,11,9,29,9,11,30.5,-6,6816595,6407600,AUT,Europe,3316853,45726857,18418,28143,366783876,7081443,5056562,2036697,3.76,3112,1.16,207,22.89,3073,339818,,,,,169094014,768595,18698736,84993,602443,66619,0.0759,13.2,tests performed,,,,,,3434,,,,,380,280,3,,9043072,106749,44.4,19202,13748,45436686,0.7,145183,6.35,28.4,30.9,,7.37,81.54,922,,,,
171,Azerbaijan,2020-07-03,1,542.544089379668,0.530691415039607,29,13,2,1,1,60.11,-19,,,AZE,Asia,19267,556857,235,6857,1884608,57026,54469,22987,685,671,1.08,,,,,,,,,,,,,,,,,,,,,,,,,,,,,,,96.3,10223344,119309,32.4,6018,3871,15847419,,559812,7.11,0.3,42.5,83241,4.7,73,756,,,,
173,Azerbaijan,2020-12-08,2,4070.77853858268,3.98184638860111,12,17,7,2,3,81.14,-21,0,0,AZE,Asia,154152,4078571,1713,40,15078432,429116,398947,167558,3717,3913,1.1,,,,,,,,,,,,,,,,,,,,,,,,,,,,,,,74.54,10223344,119309,32.4,6018,3871,15847419,,559812,7.11,0.3,42.5,83241,4.7,73,756,,,,
174,Azerbaijan,2021-04-09,3,2134.07650359483,2.08745446068804,1,12,4,2,2,74.69,-9,706433,405289,AZE,Asia,281387,2152143,3846,32714,27523969,215781,210513,376198,3424,3.2,1.15,,,,,,,,,,,,,,,,,,1111722,706433,405289,,42234,31813,10.87,6.91,3.96,,3112,19491,191,72.22,10223344,119309,32.4,6018,3871,15847419,,559812,7.11,0.3,42.5,83241,4.7,73,756,,,,
175,Azerbaijan,2021-08-27,4,3599.36873605871,3.52073522720033,12,17,7,2,3,45.11,-9,3954040,2564353,AZE,Asia,409745,3551286,5469,31,40079352,411118,347.37,534952,3424,3032,1.18,,,,,,,,,4395646,16136,429962,1578,18140,1774,0.1958,5.1,tests performed,6493757,3929404,2564353,,74220,64041,63.52,38.44,25.08,,6264,44600,436,61.11,10223344,119309,32.4,6018,3871,15847419,,559812,7.11,0.3,42.5,83241,4.7,73,756,,,,
176,Azerbaijan,2021-11-02,5,2145.56070539122,2.09868777318969,1,12,4,2,2,49.6,-4,5020170,4414295,AZE,Asia,534748,2097143,7132,27571,52306564,213042,205133,697619,3032,2697,1.08,,,,,,,,,5214586,11889,510067,1163,11936,1168,0.1757,5.7,tests performed,9708264,,4414295,,47133,40480,94.96,,43.18,,3960,330,3,76.85,10223344,119309,32.4,6018,3871,15847419,,559812,7.11,0.3,42.5,83241,4.7,73,756,,,,
177,Azerbaijan,2022-02-08,6,6092.36293915436,5.95926630186205,25,2,10,3,4,57.57,-6,5276671,4754599,AZE,Asia,710366,6667571,8920,23571,69484701,687838,652191,872513,2152,2306,1.34,,,,,,,,,,,,,19273,1885,346,2.9,tests performed,12261740,5252035,4754599,2255106,43126,31802,119.94,51.37,46.51,22.06,3111,2620,26,79.63,10223344,119309,32.4,6018,3871,15847419,,559812,7.11,0.3,42.5,83241,4.7,73,756,,,,
182,Bahamas,2020-10-16,1,95.9283971814465,2.41685597337072,1,7,5,2,2,44.89,-56,,,BHS,North America,5517,114857,114,1714,13899736,332566,289375,287216,5039,4319,1.05,,,,,,,,,,,,,,,,,,,,,,,,,,,,,,,71.76,396914,39497,34.3,8996,5.2,27717847,,235954,13.17,3.1,20.4,,2.9,73.92,814,,,,
187,Bahamas,2021-04-26,2,57.7021102723233,1.45376858141369,32,27,3,1,2,66.25,-24,25151,3804,BHS,North America,10220,61286,198,571,25748651,428304,154406,498849,5039,1.44,1.25,,,,,,,,,,,,,,,,,,,,,,,573,,,,,1444,573,144,59.72,396914,39497,34.3,8996,5.2,27717847,,235954,13.17,3.1,20.4,,2.9,73.92,814,,,,
189,Bahamas,2021-08-22,3,118.453211307728,2.98435457826451,22,28,6,2,3,71.52,-17,74271,55291,BHS,North America,16962,117286,330,2714,42734698,0,295494,831414,0,6838,1.15,,,,,,,,,,,,,,,,,,129017,73726,55291,,,1950,32.51,18.57,13.93,,4913,1126,284,55.56,396914,39497,34.3,8996,5.2,27717847,,235954,13.17,3.1,20.4,,2.9,73.92,814,,,,
192,Bahamas,2022-01-08,4,390.52542125912,9.83904375404042,10,11,14,4,5,46.67,-12,159027,149486,BHS,North America,27122,378,717,0,68332183,0,952347,1806437,0,0,1.31,,,,,,,,,,,,,1095,2759,0.3452,2.9,tests performed,,,,,,634,,,,,1597,99,25,48.15,396914,39497,34.3,8996,5.2,27717847,,235954,13.17,3.1,20.4,,2.9,73.92,814,,,,
193,Bahamas,2022-05-28,5,55.2336975725615,1.3915784671884,32,27,3,1,2,40.39,6,166781,156774,BHS,North America,34572,51429,810,0,87101992,0,129571,2040744,0,0,1.19,,,,,,,,,,,,,237,597,217,4.6,tests performed,,,,,,,,,,,,,,44.44,396914,39497,34.3,8996,5.2,27717847,,235954,13.17,3.1,20.4,,2.9,73.92,814,,,,
196,Bahrain,2020-09-14,1,681.708039531633,3.8992735180941,12,17,7,2,3,59.56,-20,,,BHR,Asia,60965,698429,213,1857,34871117,376367,399491,121833,572,1062,1.14,,,,,,,,,1252898,,716.64,,9862,5641,0.0708,14.1,units unclear,,,,,,,,,,,,,,60.19,1748295,1935907,32.4,2372,1387,43290705,,151689,16.52,5.8,37.6,,2,77.29,852,,,,
199,Bahrain,2021-05-25,2,2582.86027566259,14.7735952780428,16,16,18,5,7,72.69,-16,890450,732710,BHR,Asia,223613,2727,866,14429,127903472,1582113,1559805,495.34,10296,8253,1.21,,,,,,,,,4509481,19951,2579359,11412,19352,11069,0.1409,7.1,units unclear,1621198,888488,732710,,19516,16332,92.73,50.82,41.91,,9342,4708,269,53.7,1748295,1935907,32.4,2372,1387,43290705,,151689,16.52,5.8,37.6,,2,77.29,852,,,,
202,Bahrain,2022-02-04,3,6749.31830517653,38.6051456143073,18,20,27,8,10,65.71,-5,1227732,1154068,BHR,Asia,405938,7232,1410,1,232190792,4160053,4136602,806.5,0,572,1.26,,,,,,,,,8873645,33630,5075599,19236,29655,16962,0.2439,4.1,units unclear,3365901,1225770,1195535,944596,1308,2429,192.52,70.11,68.38,54.03,1389,591,34,50.93,1748295,1935907,32.4,2372,1387,43290705,,151689,16.52,5.8,37.6,,2,77.29,852,,,,
205,Bangladesh,2020-06-26,1,3601.34326076477,0.216552471276687,8,13,1,1,1,68.04,-48,,,BGD,Asia,130474,3562714,1661,39,784554,23259,21423,9988,241,235,1.09,,,,,,,,,697777,18498,4196,111,16342,98,218,4.6,tests performed,,,,,,,,,,,,,,74.54,166303494,1265036,27.5,5098,3262,3523984,14.8,298003,8.38,1,44.7,34808,0.8,72.59,632,,,,
208,Bangladesh,2021-04-07,2,6242.13969640929,0.375346274829878,29,13,2,1,1,65.07,-24,5568703,80178,BGD,Asia,659278,6854714,9447,57286,3964306,45856,41218,56806,379,344,1.26,,,,,,,,,4883900,34630,29367,208,30355,183,0.2258,4.4,tests performed,5568703,5568703,,,,28325,3.35,3.35,,,170,28325,17,83.33,166303494,1265036,27.5,5098,3262,3523984,14.8,298003,8.38,1,44.7,34808,0.8,72.59,632,,,,
210,Bangladesh,2021-08-01,3,12854.4998366813,0.772954285415152,21,6,2,1,1,65.01,-39,8803650,4338165,BGD,Asia,1264328,14241857,20916,234571,7602534,89258,85638,125.77,1389,1411,1.15,,,,,,,,,7791758,49529,46853,298,47877,288,0.2975,3.4,tests performed,13141815,8803650,4338165,,292550,396478,7.9,5.29,2.61,,2384,389620,234,93.52,166303494,1265036,27.5,5098,3262,3523984,14.8,298003,8.38,1,44.7,34808,0.8,72.59,632,,,,
211,Bangladesh,2022-01-28,4,12403.4337575573,0.745831218528536,29,6,2,1,1,52.1,28,97841338,60963557,BGD,Asia,1762771,14022143,28308,16571,10599723,92842,84317,170219,0.12,0.1,1.35,,,,,,,,,12358300,46268,74312,278,44176,266,0.3174,3.2,tests performed,,,,,,890031,,,,,5352,435334,262,68.52,166303494,1265036,27.5,5098,3262,3523984,14.8,298003,8.38,1,44.7,34808,0.8,72.59,632,,,,
225,Barbados,2021-02-16,1,73.4376687070377,2.55250701082478,22,7,5,2,2,29,-75,6683,221,BRB,North America,2331,73857,25,714,8101964,218972,256709,86894,3476,2483,1.19,,,,,,,,,,,,,,,,,,6683,6683,,,2193,2193,2.32,2.32,,,7622,2193,762,74.07,287708,664463,39.8,14952,9473,16978068,,170.05,13.57,1.9,14.5,88469,5.8,79.19,814,,,,
229,Barbados,2021-10-27,2,342.093678168596,11.8903081655218,20,1,16,4,6,57.69,-14,148451,124043,BRB,North America,16424,355714,149,3714,57085656,1359017,1236373,517886,20854,12.91,1.07,,,,,,,,,,,,,,,,,,272021,147978,124043,,1102,960,94.55,51.43,43.11,,3337,267,93,67.59,287708,664463,39.8,14952,9473,16978068,,170.05,13.57,1.9,14.5,88469,5.8,79.19,814,,,,
230,Barbados,2022-01-28,3,635.10935433851,22.0747895205733,26,14,22,6,8,57.69,-2,159002,146993,BRB,North America,42851,668571,277,429,148939202,2533819,2323785,962782,0,1.49,1.1,,,,,,,,,,,,,,,,,,,,,,,193,,,,,671,96,33,62.04,287708,664463,39.8,14952,9473,16978068,,170.05,13.57,1.9,14.5,88469,5.8,79.19,814,,,,
231,Barbados,2022-05-07,4,438.192229185361,15.2304499417938,27,16,18,5,7,57.69,2,162176,152234,BRB,North America,73198,445429,405,1571,254417673,1581465,1548197,1407677,6951,5462,1.03,,,,,,,,,659902,,2293652,,1373,4772,0.3244,3.1,tests performed,314065,161885,152180,,25,48,109.16,56.27,52.89,,167,20,7,43.52,287708,664463,39.8,14952,9473,16978068,,170.05,13.57,1.9,14.5,88469,5.8,79.19,814,,,,
233,Belarus,2020-12-19,1,1895.50198714578,2.00733737661007,1,12,4,2,2,68.93,-15,0,0,BLR,Europe,171579,1892143,1316,8857,18170223,204493,200378,139364,847,938,1.02,,,,,,,,,,,,,23159,2453,0.0817,12.2,tests performed,,,,,,,,,,,,,,37.04,9442867,46858,40.3,14799,9788,17167967,,443129,5.18,10.5,46.1,,11,74.79,823,,,,
239,Belarus,2021-10-19,2,2024.03210275602,2.14345082140416,1,12,4,2,2,70.02,-11,2656545,1904108,BLR,Europe,575856,2014714,4432,16143,60983174,202587,213358,469349,1589,1.71,1.01,,,,,,,,,,,,,34891,3695,0.0577,17.3,tests performed,,,,,,37913,,,,,4015,20474,217,19.44,9442867,46858,40.3,14799,9788,17167967,,443129,5.18,10.5,46.1,,11,74.79,823,,,,
240,Belarus,2022-02-13,3,7267.18270812817,7.69594944853949,19,5,12,3,5,46.67,-15,5465447,4497626,BLR,Europe,831966,7796429,6253,15143,88105233,944734,825642,662193,1694,1604,1.28,,,,,,,,,,,,,28467,3015,0.2739,3.7,tests performed,10425997,5460847,4497626,,,32333,110.41,57.83,47.63,,3424,10477,111,23.15,9442867,46858,40.3,14799,9788,17167967,,443129,5.18,10.5,46.1,,11,74.79,823,,,,
244,Belgium,2020-10-27,1,14769.2436557654,12.6967155996083,3,1,17,4,6,72.32,-37,,,BEL,Europe,347289,15304286,11038,78429,29855487,1166662,1315668,948907,11949,6742,1.24,912,78402,5548,476946,,,3965,340.86,4749745,71476,408323,6145,64974,5586,269,3.7,tests performed,,,,,,,,,,,,,,54.63,11632334,375564,41.8,18571,12849,42658576,0.2,114898,4.29,25.1,31.4,,5.64,81.63,931,,,,
252,Belgium,2022-03-23,2,10331.2279261678,8.88147462595881,30,25,13,3,5,12.41,-10,9268961,8712824,BEL,Europe,3757776,10570286,30635,20429,323045745,1389403,908699,2633607,2579,1756,1.17,172,14786,2590,222655,,,1284,110382,32580324,47660,2800842,4097,38337,3296,302,3.3,tests performed,25238250,9234580,9129898,7303002,13791,5374,216.97,79.39,78.49,62.78,462,224,2,23.15,11632334,375564,41.8,18571,12849,42658576,0.2,114898,4.29,25.1,31.4,,5.64,81.63,931,,,,
260,Belize,2020-12-06,1,234.0197099605,5.77947742021165,25,4,10,3,4,,,,,BLZ,North America,7769,289429,173,3714,19186743,414902,714788,427.25,2.47,9173,0.86,,,,,,,,,,,,,,,,,,,,,,,,,,,,,,,72.22,404915,16426,25,3853,2279,7824362,,176957,17.11,,,90083,1.3,74.62,716,,,,
265,Belize,2021-10-17,2,235.937636528997,5.82684357282385,25,4,10,3,4,53.98,-11,211549,157364,BLZ,North America,23990,257571,461,4857,59247002,0,636112,1138511,0,11995,1.2,,,,,,,,,,,,,1567,3.87,0.1644,6.1,tests performed,,,,,,1738,,,,,4292,1038,256,70.37,404915,16426,25,3853,2279,7824362,,176957,17.11,,,90083,1.3,74.62,716,,,,
266,Belize,2022-01-18,3,704.418831803561,17.3967087364894,13,22,20,5,7,64.64,-2,231999,201830,BLZ,North America,43115,720429,611,571,106479138,3082128,1779209,1508959,0,1411,1.31,,,,,,,,,,,,,2790,6.89,0.2582,3.9,tests performed,,,,,,739,,,,,1825,86,21,72.22,404915,16426,25,3853,2279,7824362,,176957,17.11,,,90083,1.3,74.62,716,,,,
278,Benin,2021-02-14,1,75.4060625856816,0.0605621033195417,8,32,1,1,1,54.64,-21,0,0,BEN,Africa,4560,52429,56,143,366235,0,4211,4498,0,11,0.8,,,,,,,,,,,,,,,,,,,,,,,,,,,,,,,30.56,12451031,99.11,18.8,3244,1942,2064236,49.6,235848,0.99,0.6,12.3,11035,0.5,61.77,545,,,,
282,Benin,2021-09-03,2,447.444042387586,0.359363045829366,29,13,2,1,1,52.57,1,128417,94718,BEN,Africa,16946,511429,135,1,1361012,81439,41075,10842,321,0.08,0.49,,,,,,,,,,,,,,,,,,,,,,,3579,,,,,287,4261,34,44.44,12451031,99.11,18.8,3244,1942,2064236,49.6,235848,0.99,0.6,12.3,11035,0.5,61.77,545,,,,
327,Bolivia,2020-08-01,1,1502.40201179538,1.26967813549856,21,27,3,1,2,83.71,-54,,,BOL,South America,78793,1501714,3064,75571,6658787,169358,126.91,258938,7352,6387,1.02,,,,,,,,,154047,3519,13018,297,2754,233,0.5453,1.8,tests performed,,,,,,,,,,,,,,89.81,11832936,10202,25.4,6704,4393,6885829,7.1,204299,6.89,,,25383,1.1,71.51,718,,,,
329,Bolivia,2021-01-24,2,2067.32846493747,1.74709680246514,32,12,4,1,2,82.23,-32,0,0,BOL,South America,201037,1979143,9985,49857,16989613,88566,167257,843831,4902,4213,1.1,,,,,,,,,513870,3628,43427,307,4938,417,0.4008,2.5,tests performed,,,,,,,,,,,,,,30.56,11832936,10202,25.4,6704,4393,6885829,7.1,204299,6.89,,,25383,1.1,71.51,718,,,,
331,Bolivia,2021-05-28,3,2762.86748354366,2.33489599161498,1,7,5,2,2,81.48,-14,1271262,345396,BOL,South America,364570,3072143,14377,85286,30809767,252685,259626,1214999,5493,7207,1.11,211,17832,2361,199528,,,,,1452301,14325,122734,1211,12189,1.03,252,4,tests performed,1616658,1271262,345396,,52309,37096,13.66,10.74,2.92,,3135,30404,257,27.78,11832936,10202,25.4,6704,4393,6885829,7.1,204299,6.89,,,25383,1.1,71.51,718,,,,
333,Bolivia,2022-01-14,4,9759.9874117077,8.24815363803852,30,5,13,3,5,73.48,7,6406691,4903383,BOL,South America,725459,10377143,20149,37286,61308453,1196.66,876971,1702.79,3887,3151,1.19,175,14789,1825,154231,,,,,3355066,29723,283536,2512,22398,1893,0.4633,2.2,tests performed,11038395,6395421,4903383,732411,72624,78859,93.29,54.05,41.44,6.19,6664,43906,371,29.63,11832936,10202,25.4,6704,4393,6885829,7.1,204299,6.89,,,25383,1.1,71.51,718,,,,
361,Bosnia and Herzegovina,2020-11-04,1,1516.86440902296,4.64802655410397,23,23,8,2,3,47.53,-16,,,BIH,Europe,55598,1551571,1358,28143,17036525,544208,475438,416123,12563,8624,1.21,,,,,,,,,327103,4456,100232,1365,3424,1049,0.4531,2.2,tests performed,,,,,,,,,,,,,,42.59,3263459,68496,42.5,16569,10711,11713895,0.2,329635,10.08,30.2,47.7,97164,3.5,77.4,0.78,,,,
362,Bosnia and Herzegovina,2021-03-28,2,1530.86173278141,4.69091762078644,23,23,8,2,3,45.86,-30,0,10000,BIH,Europe,162032,1527857,6220,63857,49650386,0,468171,1905953,0,19567,1.17,,,,,,,,,,,,,4628,1418,0.3301,3,tests performed,,,,,,574,,,,,176,413,13,42.59,3263459,68496,42.5,16569,10711,11713895,0.2,329635,10.08,30.2,47.7,97164,3.5,77.4,0.78,,,,
365,Bosnia and Herzegovina,2022-01-19,3,2226.66730941796,6.82302829426679,6,2,11,3,4,23.98,-22,935118,831493,BIH,Europe,324026,2370429,13912,30857,99289128,916819,726355,4262961,7354,9455,1.31,,,,,,,,,,,,,,,,,,,,,,,4315,,,,,1322,1020,31,35.19,3263459,68496,42.5,16569,10711,11713895,0.2,329635,10.08,30.2,47.7,97164,3.5,77.4,0.78,,,,
381,Botswana,2021-08-06,1,2032.55780329624,8.4787413996773,30,25,13,3,5,71.42,31,243894,132466,BWA,Africa,122574,2269143,1704,19286,51131301,0,946565,710817,0,8045,1.26,,,,,,,,,1542739,,643548,,3966,1654,0.5721,1.7,tests performed,376360,243894,132466,,,1603,15.7,10.17,5.53,,669,874,36,53.7,2397240,4044,25.8,3941,2242,15807374,,237372,4.81,5.7,34.4,,1.8,69.59,735,,,,
386,Botswana,2022-03-30,2,3065.13770137078,12.7861111168293,3,1,17,4,6,59.99,77,1461583,1323270,BWA,Africa,305526,5939429,2686,9571,127449066,17343278,2477611,1120455,27949,3993,0.17,,,,,,,,,,,,,1166,486,,,tests performed,,,,,,9685,,,,,4040,506,21,13.89,2397240,4044,25.8,3941,2242,15807374,,237372,4.81,5.7,34.4,,1.8,69.59,735,,,,
389,Brazil,2020-07-29,1,44610.22865837,2.08465401789441,1,12,4,2,2,70.11,-30,,,BRA,South America,2559132,45986143,90259,1042857,11958927,259125,214895,421784,5603,4873,1.07,,,,,,,,,,,,,126094,589,,,tests performed,,,,,,,,,,,,,,72.69,213993441,25.04,33.5,8552,5.06,14103452,3.4,177961,8.11,10.1,17.9,,2.2,75.88,765,,,,
393,Brazil,2021-03-22,2,74347.5380192655,3.47429050497232,12,17,7,2,3,68.11,-40,12314847,4252255,BRA,South America,12062229,75293,295926,2301286,56367284,261.55,351847,1382874,7491,10754,1.06,,,,,,,,,38533309,118714,180068,555,89343,418,,,tests performed,16567102,12314847,4252255,,586739,400504,7.74,5.75,1.99,,1872,318151,149,70.83,213993441,25.04,33.5,8552,5.06,14103452,3.4,177961,8.11,10.1,17.9,,2.2,75.88,765,,,,
399,Brazil,2022-01-29,3,174802.006990527,8.16856844647528,30,5,13,3,5,59.28,0,169844640,149779557,BRA,South America,25256198,189227,626870,525571,118023234,960763,884265,2929389,3271,2456,1.29,,,,,,,,,,,,,76544,358,,,tests performed,361165196,169825847,149779557,46576117,672466,1202899,168.77,79.36,69.99,21.77,5621,258724,121,61.57,213993441,25.04,33.5,8552,5.06,14103452,3.4,177961,8.11,10.1,17.9,,2.2,75.88,765,,,,
443,Bulgaria,2020-11-15,1,3276.92141151099,4.75146489350416,23,23,8,2,3,56.81,-19,,,BGR,Europe,98251,3298714,2130,66429,14246182,118318,478306,308845,5655,9632,1.12,295,42774,5166,749059,,,,,853900,6450,123814,935,8660,1256,0.3809,2.6,tests performed,,,,,,,,,,,,,,48.15,6896655,65.18,44.7,20801,13272,18563307,1.5,424688,5.81,30.1,44.4,,7454,75.05,816,3716.6,3.94,87.56,538.89893
444,Bulgaria,2021-03-24,2,3553.40539959662,5.15236067281402,31,4,9,3,4,57.11,-27,321332,79977,BGR,Europe,317116,3621,12413,99714,45981131,634366,525037,1799858,15.37,14458,1.13,729,105703,8927,1294396,,,,,,,,,15609,2263,232,4.3,tests performed,401309,321332,79977,,12504,7230,5.82,4.66,1.16,,1048,4912,71,61.11,6896655,65.18,44.7,20801,13272,18563307,1.5,424688,5.81,30.1,44.4,,7454,75.05,816,,,,
446,Bulgaria,2021-10-28,3,4481.83796110221,6.49856772754649,6,2,11,3,4,47.06,-8,1662785,1491628,BGR,Europe,592943,4721429,23718,125571,85975448,750799,684597,3439059,17.98,18208,1.17,607,88014,7373,1069069,,,,,,,,,34386,4986,0.1373,7.3,tests performed,2824345,,1491628,,23380,19833,40.95,,21.63,,2876,9454,137,50,6896655,65.18,44.7,20801,13272,18563307,1.5,424688,5.81,30.1,44.4,,7454,75.05,816,,,,
447,Bulgaria,2022-01-25,4,8470.22188519604,12.281637816008,3,1,17,4,6,46.8,-17,2205988,1980511,BGR,Europe,903676,8841571,32869,75857,131031058,1797828,1282009,4765934,10585,10999,1.17,517,74964,5327,772403,,,,,,,,,30627,4441,0.2887,3.5,tests performed,4114896,,1980511,580808,10657,10745,59.67,,28.72,8.42,1558,2196,32,50,6896655,65.18,44.7,20801,13272,18563307,1.5,424688,5.81,30.1,44.4,,7454,75.05,816,,,,
454,Burkina Faso,2020-12-20,1,159.1235454615,0.0740209459265593,8,32,1,1,1,33.52,13,0,0,BFA,Africa,5160,161429,76,714,240032,9583,7509,3535,93,33,1.33,,,,,,,,,,,,,,,,,,,,,,,,,,,,,,,13.89,21497097,70151,17.6,2409,1358,1703102,43.7,269048,2.42,1.6,23.9,11877,0.4,61.58,452,,,,
463,Burkina Faso,2022-01-06,2,166.885118324119,0.0776314673205033,8,32,1,1,1,14.16,39,1185689,736162,BFA,Africa,18637,143571,333,2143,866954,0,6679,15.49,0,0.1,0.39,,,,,,,,,,,,,,,,,,,,,,,9770,,,,,454,9408,44,13.89,21497097,70151,17.6,2409,1358,1703102,43.7,269048,2.42,1.6,23.9,11877,0.4,61.58,452,,,,
498,Cambodia,2021-06-03,1,645.895312084493,0.381139096707648,29,13,2,1,1,79.8,-34,2688014,2094573,KHM,Asia,32189,650143,236,6,1899454,43018,38365,13926,354,354,1.09,,,,,,,,,1173413,5785,69242,341,6233,368,0.1043,9.6,tests performed,4782587,2688014,2094573,,58643,80408,28.22,15.86,12.36,,4745,38533,227,66.2,16946446,90672,25.6,4412,2385,3645.07,,270892,4,2,33.7,66229,0.8,69.82,594,,,,
500,Cambodia,2021-09-22,2,688.1121532209,0.406051011062083,29,13,2,1,1,77.04,-35,12702596,10624382,KHM,Asia,105981,648286,2154,12429,6253878,37589,38255,127106,826,733,1.02,,,,,,,,,,,,,3435,203,0.1887,5.3,tests performed,23099813,12666817,10624382,849610,281153,272988,136.31,74.75,62.69,5.01,16109,165803,978,69.44,16946446,90672,25.6,4412,2385,3645.07,,270892,4,2,33.7,66229,0.8,69.82,594,,,,
501,Cambodia,2022-02-22,3,456.037483167242,0.269105087383657,8,13,1,1,1,62.43,-16,14437616,13571359,KHM,Asia,127575,490857,3022,1,7528127,35288,28965,178326,118,59,1.37,,,,,,,,,2846617,2334,167977,138,2788,165,0.1761,5.7,tests performed,34509791,14401837,13827084,7334021,125602,66823,203.64,84.98,81.59,43.28,3943,2387,14,29.63,16946446,90672,25.6,4412,2385,3645.07,,270892,4,2,33.7,66229,0.8,69.82,594,,,,
514,Cameroon,2021-03-31,1,1155.73427738442,0.424523639018909,29,13,2,1,1,31.6,2,0,0,CMR,Africa,47669,1006714,721,17143,1750975,0,36979,26484,0,0.63,0.39,,,,,,,,,,,,,,,,,,,,,,,,,,,,,,,35.19,27224262,50885,18.8,3165,1919,3364926,23.8,244661,7.2,,,2735,1.3,59.29,563,,,,
519,Cameroon,2021-10-01,2,644.99039515848,0.236917494828135,8,13,1,1,1,25.88,20,386982,84408,CMR,Africa,92303,984143,1459,13,3390468,0,36149,53592,0,478,0.54,,,,,,,,,,,,,,,,,,,,,,,1610,,,,,59,1450,5,38.89,27224262,50885,18.8,3165,1919,3364926,23.8,244661,7.2,,,2735,1.3,59.29,563,,,,
522,Cameroon,2022-01-23,3,373.642614896854,0.137246186837628,8,32,1,1,1,23.74,33,903977,697097,CMR,Africa,114113,635286,1867,2,4191592,0,23335,68579,0,73,0.43,,,,,,,,,,,,,,,,,,,,,,,6236,,,,,229,7159,26,30.56,27224262,50885,18.8,3165,1919,3364926,23.8,244661,7.2,,,2735,1.3,59.29,563,,,,
530,Canada,2021-01-05,1,7685.57505922581,2.01891158551976,1,12,4,2,2,84.92,-48,156677,6,CAN,North America,629266,7675143,17410,139143,16530089,197752,201617,457341,4334,3655,1.07,859,22565,4457,117.08,,,,,18514140,83429,486345,2192,103907,2.73,0.0739,13.5,tests performed,156845,156839,6,,17879,12108,0.41,0.41,0,,318,12107,32,72.69,38067913,4037,41.4,16984,10797,44017591,0.5,105599,7.37,12,16.6,,2.5,82.43,929,,,,
531,Canada,2021-04-15,2,8474.58761716146,2.22617604940976,1,7,4,2,2,80.28,-33,8402488,900049,CAN,North America,1109740,8861429,24364,62143,29151585,256279,232779,640014,1813,1632,1.11,1117,29342,3766,98928,,,,,29498439,133832,774.89,3516,131479,3454,0.0674,14.8,tests performed,9310518,8408387,902084,47,309827,278866,24.46,22.09,2.37,0,7325,263685,693,75.46,38067913,4037,41.4,16984,10797,44017591,0.5,105599,7.37,12,16.6,,2.5,82.43,929,,,,
532,Canada,2021-09-17,3,4315.08457239027,1.1335227577068,21,6,3,1,2,65.7,-15,28678189,26352475,CAN,North America,1574529,4433,27525,26857,41361054,131896,116.45,723.05,1261,706,1.1,712,18703,2126,55848,,,,,41973569,112092,1102597,2945,92696,2435,0.0478,20.9,tests performed,55085874,28618603,26380792,86479,159219,91781,144.7,75.18,69.3,0.23,2411,36644,96,72.69,38067913,4037,41.4,16984,10797,44017591,0.5,105599,7.37,12,16.6,,2.5,82.43,929,,,,
533,Canada,2022-01-05,4,37423.188753957,9.83063840509381,10,11,14,4,5,79.61,-25,31889685,29467043,CAN,North America,2412242,39199571,30955,69429,63366804,1048626,1029727,813152,3415,1824,1.27,701,18414,5083,133525,,,,,53527515,137777,1406106,3619,159916,4201,0.2451,4.1,tests performed,70031151,31818961,29489571,8722619,392383,266221,183.96,83.58,77.47,22.91,6993,16225,43,78.24,38067913,4037,41.4,16984,10797,44017591,0.5,105599,7.37,12,16.6,,2.5,82.43,929,,,,
534,Canada,2022-04-16,5,12291.9580058358,3.22895505352127,22,28,6,2,3,44.37,-19,33361793,31243831,CAN,North America,3644519,14205714,38392,66429,95737295,438348,373168,1008513,1996,1745,0.86,448,11768,5696,149627,,,,,60251126,7471,1582727,196,45447,1194,0.3126,3.2,tests performed,83009859,32603573,31244577,19161709,42182,65176,218.06,85.65,82.08,50.34,1712,1494,4,42.59,38067913,4037,41.4,16984,10797,44017591,0.5,105599,7.37,12,16.6,,2.5,82.43,929,,,,
540,Cape Verde,2020-10-13,1,97.7391854462972,1.73943782706023,32,12,4,1,2,70.2,-43,,,CPV,Africa,7254,105143,77,1143,12909747,176188,187.12,137035,3559,2034,1.07,,,,,,,,,,561,,998,507,902,0.2074,4.8,tests performed,,,,,,,,,,,,,,68.52,561901,135.58,25.7,4.46,3437,6222554,,182219,2.42,2.1,16.5,,2.1,72.98,665,,,,
543,Cape Verde,2021-04-30,2,284.08330226837,5.05575363397414,31,4,9,3,4,61.5,-40,14618,2015,CPV,Africa,23882,299714,217,2286,42502149,583733,533393,386189,7119,4068,1.11,,,,,,,,,,,,,,,,,tests performed,,,,,,390,,,,,694,336,0.06,59.26,561901,135.58,25.7,4.46,3437,6222554,,182219,2.42,2.1,16.5,,2.1,72.98,665,,,,
545,Cape Verde,2022-01-06,3,823.861157219477,14.6620340098964,16,16,18,5,7,45.43,-9,317822,260298,CPV,Africa,47376,948286,358,857,84313785,2468406,1687638,637123,3559,1525,1.83,,,,,,,,,,,,,,,,,tests performed,,,,,,968,,,,,1723,690,123,62.96,561901,135.58,25.7,4.46,3437,6222554,,182219,2.42,2.1,16.5,,2.1,72.98,665,,,,
588,Central African Republic,2021-08-10,1,301.281890563091,0.612363184217948,29,6,2,1,1,70.19,12,95377,6700,CAF,Africa,11195,577714,98,0,2275413,821953,117422,19919,0,0,0.12,,,,,,,,,,,,,,,,,,,,,,,81,,,,,16,988,0.02,24.07,4919987,7479,18.3,3655,2251,661.24,,435727,6.1,,,16603,1,53.28,397,,,,
593,Central African Republic,2022-01-14,2,79.7471935284496,0.162088220006373,8,32,1,1,1,70.28,20,619991,487076,CAF,Africa,13319,123571,108,1,2707121,135976,25116,21951,407,203,0.51,,,,,,,,,79140,,16085,,,,,,tests performed,,,,,,3596,,,,,731,3314,67,18.52,4919987,7479,18.3,3655,2251,661.24,,435727,6.1,,,16603,1,53.28,397,,,,
595,Chad,2020-05-13,1,25.6034439003185,0.0151365454360843,8,32,1,1,1,69.1,-23,,,TCD,Africa,372,28857,42,3571,21992,887,1706,2483,118,211,1.12,,,,,,,,,,,,,,,,,,,,,,,,,,,,,,,87.04,16914985,11833,16.7,2486,1446,1768153,38.4,280995,6.1,,,5818,,54.24,398,,,,
601,Chad,2021-01-12,2,48.087563126637,0.0284289717824976,8,32,1,1,1,57.87,-5,0,0,TCD,Africa,2668,54143,108,429,157.73,4.67,3201,6385,59,25,1.18,,,,,,,,,,,,,,,,,,,,,,,,,,,,,,,74.07,16914985,11833,16.7,2486,1446,1768153,38.4,280995,6.1,,,5818,,54.24,398,,,,
611,Chad,2021-12-03,3,43.9222189976722,0.0259664545949477,8,32,1,1,1,25.16,29,195340,75584,TCD,Africa,5703,85143,181,857,337157,35235,5034,10701,355,51,0.04,,,,,,,,,,,,,,,,,,,,,,,1972,,,,,117,1522,9,22.22,16914985,11833,16.7,2486,1446,1768153,38.4,280995,6.1,,,5818,,54.24,398,,,,
616,Chile,2020-06-07,1,6011.11009382631,3.12877203429037,22,28,6,2,3,93.15,-60,,,CHL,South America,166756,6172286,1637,83286,8679.62,333379,321266,85206,4997,4335,1.15,1558,81094,,,804,41848,4247,221056,700750,21265,36474,1107,18002,937,0.3429,2.9,tests performed,,,,,,,,,,,,,,78.24,19212362,24282,35.4,11087,6938,22767037,1.3,127993,8.46,34.2,41.5,,2.11,80.18,851,4543,9.77,62.53,236.4623361
620,Chile,2021-04-09,2,7025.10977811723,3.65655705327499,12,17,7,2,3,94.08,-42,7428664,4662181,CHL,South America,1060421,6990857,24108,98143,55194723,476308,363873,1254817,6714,5108,1.05,3075,160053,,,1592,82863,4486,233495,11743832,77899,611264,4055,57107,2972,0.1224,8.2,tests performed,12034523,7372164,4662359,,219104,174521,62.64,38.37,24.27,,9084,59775,311,81.94,19212362,24282,35.4,11087,6938,22767037,1.3,127993,8.46,34.2,41.5,,2.11,80.18,851,,,,
623,Chile,2022-02-10,3,34325.4981112097,17.866360269086,13,22,20,5,7,87.27,1,16869348,15857187,CHL,South America,2504168,35166143,40273,64143,130341496,1981537,1830391,2096202,8432,3339,1.14,720,37476,,,436,22694,3463,180249,30910518,129605,1608887,6746,124301,6.47,0.2829,3.5,tests performed,47336602,17695445,17077207,13138210,70096,60667,246.39,92.1,88.89,68.38,3158,6300,33,30.09,19212362,24282,35.4,11087,6938,22767037,1.3,127993,8.46,34.2,41.5,,2.11,80.18,851,,,,
624,Chile,2022-06-06,4,8579.65294101218,4.46569398443158,23,23,8,2,3,77.29,20,16869348,15857187,CHL,South America,3756220,8221857,57991,14857,195510578,395631,427946,3018421,937,773,1.22,163,8484,,,97,5049,,,38718740,50296,2015303,2618,60083,3127,0.1368,7.3,tests performed,57555373,17973950,17539441,22616686,174190,147581,299.57,93.55,91.29,117.72,7682,1650,9,27.31,19212362,24282,35.4,11087,6938,22767037,1.3,127993,8.46,34.2,41.5,,2.11,80.18,851,,,,
625,China,2020-02-10,1,3470.62073504358,0.0240311732450382,8,32,1,1,1,68.18,-80,,,CHN,Asia,42306,3230429,1011,83714,29293,1742,2237,0.7,74,58,1.37,,,,,,,,,,,,,,,,,,,,,,,,,,,,,,,75.46,1444216102,147674,38.7,10641,5929,15308712,0.7,261899,9.74,1.9,48.4,,4.34,76.91,761,,,,
640,China,2022-04-14,2,23408.0697595632,0.162081489931783,8,32,1,1,1,58.68,-60,1292981862,1215402950,CHN,Asia,517880,26469143,4638,0,358589,20.44,18328,3211,0,0,1.13,,,,,,,,,,,,,,,,,,3308616000,,,,2732000,2736143,229.09,,,,1895,256626,18,79.17,1444216102,147674,38.7,10641,5929,15308712,0.7,261899,9.74,1.9,48.4,,4.34,76.91,761,,,,
644,Colombia,2021-01-15,1,16464.9601308007,3.21168243993124,22,28,6,2,3,87.22,-32,0,0,COL,South America,1870179,16373,47868,348143,36480022,411151,319374,933721,7354,6791,1.11,,,,,,,,,8974305,86722,175054,1692,64303,1254,289,3.5,tests performed,,,,,,,,,,,,,,81.02,51265841,44223,32.2,7646,4312,13254949,4.5,124.24,7.44,4.7,13.5,65386,1.71,77.29,767,,,,
646,Colombia,2021-06-24,2,29096.1936911612,5.67555181454279,25,4,10,3,4,83.26,3,10952297,5566656,COL,South America,4060013,28598429,102636,640,79195287,643645,557846,2002035,13.44,12484,1.06,,,,,,,,,19238762,119377,375274,2329,104057,2.03,331,3,tests performed,16365857,10799201,5566656,,327040,329079,31.92,21.07,10.86,,6419,151864,296,59.26,51265841,44223,32.2,7646,4312,13254949,4.5,124.24,7.44,4.7,13.5,65386,1.71,77.29,767,,,,
648,Colombia,2022-01-15,3,28375.0700060592,5.53488823211916,31,4,9,3,4,72.47,19,39380312,29932016,COL,South America,5511479,30206714,130860,81714,107507824,693932,589217,2552577,2516,1594,1.34,,,,,,,,,30928838,55670,603303,1086,102199,1994,381,2.6,tests performed,68156006,39227216,29932016,4485722,251589,246961,132.95,76.52,58.39,8.75,4817,62423,122,62.04,51265841,44223,32.2,7646,4312,13254949,4.5,124.24,7.44,4.7,13.5,65386,1.71,77.29,767,,,,
673,Congo,2020-07-16,1,78.5394132425386,0.13883538487252,8,32,1,1,1,53.24,-20,,,COG,Africa,2358,76714,48,143,416827,24041,13561,8485,177,25,0.79,,,,,,,,,,,,,,,,,,,,,,,,,,,,,,,73.15,5657017,15405,19,3402,2063,4881406,37,344094,7.2,1.7,52.3,47964,,64.57,574,,,,
689,Congo,2021-10-22,2,125.382854325761,0.221641289615642,8,13,1,1,1,34.06,18,296728,120492,COG,Africa,16408,127714,239,2429,2900469,0,22576,42248,0,429,0.88,,,,,,,,,,,,,,,,,,,,,,,2400,,,,,424,2283,0.04,35.19,5657017,15405,19,3402,2063,4881406,37,344094,7.2,1.7,52.3,47964,,64.57,574,,,,
690,Congo,2022-01-06,3,177.755494248631,0.314221248139489,29,13,1,1,1,34.73,21,632936,593287,COG,Africa,21277,169714,369,286,3761.17,0,30001,65229,0,51,0.62,,,,,,,,,,,,,,,,,,,,,,,1122,,,,,198,1104,0.02,51.85,5657017,15405,19,3402,2063,4881406,37,344094,7.2,1.7,52.3,47964,,64.57,574,,,,
705,Costa Rica,2021-09-15,1,2301.8558812351,4.47914407816985,23,23,8,2,3,84.05,-24,3186909,1806341,CRI,North America,499461,2211,5889,26714,97189307,530253,430235,1145931,7394,5198,1.07,,,,,,,,,1805445,7947,351319,1546,6877,1338,0.27,3.7,people tested,,,,,,58224,,,,,11330,15749,306,54.63,5139053,96079,33.6,9468,5694,15524995,1.3,137973,8.78,6.4,17.4,83841,1.13,80.28,0.81,,,,
706,Costa Rica,2022-01-30,2,5624.17673758383,10.9439944238439,28,18,15,4,6,78.34,-13,4059525,3672941,CRI,North America,682480,5569143,7533,11714,132802678,0,1083.69,1465834,0,2279,1.21,,,,,,,,,2605386,10300,506978,2004,13125,2554,388,2.6,people tested,,,,,,12833,,,,,2497,4792,93,50,5139053,96079,33.6,9468,5694,15524995,1.3,137973,8.78,6.4,17.4,83841,1.13,80.28,0.81,,,,
707,Costa Rica,2022-05-23,3,1824.33258251239,3.5499392252082,12,17,7,2,3,71.83,-4,4333233,4073239,CRI,North America,877533,1624143,8472,4,170757725,0,316039,1648553,0,778,0.03,,,,,,,,,3601705,6920,700.85,1347,11500,2238,151,6.6,people tested,11017624,4437629,4143017,2299181,,17890,214.39,86.35,80.62,44.74,3481,1031,0.02,,5139053,96079,33.6,9468,5694,15524995,1.3,137973,8.78,6.4,17.4,83841,1.13,80.28,0.81,,,,
710,Cote d'Ivoire,2020-06-19,1,279.225561992513,0.103211869281017,8,32,1,1,1,49.11,-9,,,CIV,Africa,6874,312857,49,571,254088,15894,11564,1811,0,21,1.3,,,,,,,,,43075,1632,1592,0.06,1139,42,0.2747,3.6,tests performed,,,,,,,,,,,,,,62.96,27053629,76399,18.7,2933,1582,3601006,28.2,303.74,2.42,,,19351,,57.78,538,,,,
715,Cote d'Ivoire,2021-03-20,2,387.041491458248,0.143064537278251,8,32,1,1,1,31.56,6,2110081,1983477,CIV,Africa,39913,372714,217,857,1475329,17706,13777,8021,37,32,1.1,,,,,,,,,481527,4097,17799,151,3221,119,0.1157,8.6,tests performed,24171,24171,,,1728,1538,0.09,0.09,,,57,1538,6,25.93,27053629,76399,18.7,2933,1582,3601006,28.2,303.74,2.42,,,19351,,57.78,538,,,,
720,Cote d'Ivoire,2021-08-29,3,235.20726908006,0.0869411157667831,8,32,1,1,1,36.58,31,6312167,5988314,CIV,Africa,55108,209,430,5,2036991,9315,7725,15894,222,185,1.17,,,,,,,,,,,,,4090,151,0.0511,19.6,tests performed,,,,,,6436,,,,,238,420,2,17.59,27053629,76399,18.7,2933,1582,3601006,28.2,303.74,2.42,,,19351,,57.78,538,,,,
722,Cote d'Ivoire,2022-01-01,4,876.810040277192,0.324100711323125,29,13,1,1,1,34.11,56,6315788,5991795,CIV,Africa,71815,1138286,718,1571,2654542,29977,42075,26.54,148,58,1.9,,,,,,,,,1236834,3464,45718,128,4033,149,0.2822,3.5,tests performed,7220501,,,,107268,119128,26.69,,,,4403,76279,282,13.89,27053629,76399,18.7,2933,1582,3601006,28.2,303.74,2.42,,,19351,,57.78,538,,,,
729,Croatia,2020-12-06,1,3431.79975180409,8.40785923903966,30,25,13,3,5,36.22,-35,0,0,HRV,Europe,150353,3391571,2174,66,36836265,710251,830.93,532627,17.64,16.17,1.06,,,2543,623031,,,2217,543064,810885,9340,198666,2288,9509,2.33,0.3567,2.8,people tested,,,,,,,,,,,,,,52.78,4081657,73726,44,19724,13053,22669797,0.7,253782,5.59,34.3,39.9,,5.54,78.49,851,2864.3,5.93,72.94,701.7493141
730,Croatia,2021-04-18,2,2130.6168251081,5.21998008433364,31,4,9,3,4,25.15,-7,553883,139647,HRV,Europe,307790,2182,6562,36286,75408.1,383423,534587,1607.68,9555,8.89,1.1,,,2105,515722,,,1636,400857,,,,,8238,2018,0.2649,3.8,people tested,693530,553883,139647,,2265,15050,16.99,13.57,3.42,,3687,10895,267,52.78,4081657,73726,44,19724,13053,22669797,0.7,253782,5.59,34.3,39.9,,5.54,78.49,851,6685.4,9.67,33.2,1637.91323
731,Croatia,2021-11-12,3,5027.53418582879,12.3173852820773,3,1,17,4,6,29.9,5,2034043,1851543,HRV,Europe,528286,5458857,9774,53429,129429298,1579996,1337412,2394616,12985,13.09,1.16,,,2086,511067,,,,,3246065,,795281,,12912,3163,0.4228,2.4,people tested,3817390,2024193,1851543,,,20226,93.53,49.59,45.36,,4955,12162,298,35.19,4081657,73726,44,19724,13053,22669797,0.7,253782,5.59,34.3,39.9,,5.54,78.49,851,,,,
732,Croatia,2022-01-23,4,8294.98399840688,20.3225895718501,9,21,21,6,8,29.98,-1,2298594,2160679,HRV,Europe,877060,8517857,13407,41286,214878418,1738265,2086863,3284695,8.82,10115,1.15,,,1860,455697,,,1422,348334,4109897,14525,1006919,3559,18413,4511,0.4626,2.2,people tested,5046209,2288744,2196911,,1066,11820,123.63,56.07,53.82,,2896,1149,28,37.96,4081657,73726,44,19724,13053,22669797,0.7,253782,5.59,34.3,39.9,,5.54,78.49,851,17590.3,16.4,19.13,4309.597793
746,Cuba,2021-08-04,1,8899.12236519526,7.86315346836842,19,5,12,3,5,76.19,-13,4549702,2777719,CUB,North America,422614,9176571,3091,75857,37341646,827303,810.83,273117,8659,6703,1.09,,,,,,,,,,,,,,,,,,10616592,4539788,2777719,,138962,206753,93.81,40.11,24.54,,18268,147858,1306,65.28,11317498,110408,43.1,14738,9719,,,190968,8.27,17.1,53.3,85198,5.2,78.8,783,,,,
749,Cuba,2022-01-19,2,3144.98841711969,2.77887251857229,22,7,5,2,3,72.77,-4,10549618,9788341,CUB,North America,1008616,3316286,8348,2571,89120051,262.16,293023,737619,265,227,1.25,,,,,,,,,,,,,,,,,,33275888,10539704,9788341,4407695,130102,159219,294.02,93.13,86.49,38.95,14068,4089,36,29.63,11317498,110408,43.1,14738,9719,,,190968,8.27,17.1,53.3,85198,5.2,78.8,783,,,,
750,Cuba,2022-03-26,3,777.082859061397,0.686620716930011,29,6,2,1,1,44.41,9,10640456,9910122,CUB,North America,1086361,810714,8509,429,95989502,84559,71634,751845,88,38,1.13,,,,,,,,,,,,,,,,,,35335766,10630542,9910122,6242511,16126,12454,312.22,93.93,87.56,55.16,1100,837,7,29.63,11317498,110408,43.1,14738,9719,,,190968,8.27,17.1,53.3,85198,5.2,78.8,783,,,,
772,Cyprus,2021-04-22,1,771.940995187865,8.61536481590912,30,25,13,3,5,62.23,-26,170820,59488,CYP,Europe,59834,801571,296,2571,66778645,940843,894606,330355,0,2.87,1.14,38,42.41,296,330355,,,,,4826481,55566,5386667,62015,58625,65429,0.0137,73.1,tests performed,,,,,,4373,,,,,4881,3932,439,69.44,896005,127657,37.3,13416,8563,32415132,,141171,9.24,19.6,52.7,,3.4,80.98,887,,,,
773,Cyprus,2021-07-17,2,956.390453200379,10.6739410293512,28,15,15,4,6,55.18,-12,505592,424614,CYP,Europe,90917,992429,385,571,101469.3,1063.61,1107615,429685,1116,638,1.23,20,22321,203,226561,,,,,9169540,72874,10233804,81332,66010,73671,15,66.5,tests performed,925470,500856,424614,,,5480,103.29,55.9,47.39,,6116,3084,344,51.85,896005,127657,37.3,13416,8563,32415132,,141171,9.24,19.6,52.7,,3.4,80.98,887,,,,
774,Cyprus,2022-01-06,3,3839.90502499566,42.8558437173415,2,30,28,8,10,30.97,-20,654034,614792,CYP,Europe,192157,4339714,650,2,214459741,4215378,4843404,725442,0,2232,1.41,31,34598,235,262275,,,,,20027121,77255,22351573,86222,113489,126661,0.0382,26.2,tests performed,,,,,,3393,,,,,3787,526,59,45.37,896005,127657,37.3,13416,8563,32415132,,141171,9.24,19.6,52.7,,3.4,80.98,887,,,,
776,Cyprus,2022-03-26,4,4358.20205016617,48.6403764506467,11,9,29,9,11,53.21,-12,692970,651392,CYP,Europe,405706,4578286,932,2286,452794348,5772289,5109665,1040173,2232,2551,1.13,6,6696,169,188615,,,,,28016194,82488,31267899,92062,85617,95554,0.0535,18.7,tests performed,,,,,,28,,,,,31,80,9,38.89,896005,127657,37.3,13416,8563,32415132,,141171,9.24,19.6,52.7,,3.4,80.98,887,,,,
781,Czechia,2020-10-27,1,11755.1617037605,10.9609805683841,28,18,15,4,6,50.98,-42,,,CZE,Europe,284033,12869571,2547,132571,26484367,1460.48,1200.01,237492,16.97,12361,1.18,876,81682,6533,609163,611,56972,6382,595083,1723291,47498,160687,4429,40115,3.74,321,3.1,tests performed,,,,,,,,,,,,,,73.15,10724553,137176,43.3,19027,11.58,32605906,,227485,6.82,30.5,38.3,,6.63,79.38,0.9,,,,
782,Czechia,2021-01-06,2,10794.5014552974,10.0652227233129,10,11,14,4,6,51.48,-45,28349,4,CZE,Europe,776967,10763571,12436,143857,72447495,1616105,1003638,1159582,16691,13414,1.19,1154,107604,7404,690378,572,53336,6087,567576,4535223,69093,422882,6443,51141,4769,214,4.7,tests performed,28358,28354,4,,5847,2540,0.26,0.26,0,,237,2540,24,73.15,10724553,137176,43.3,19027,11.58,32605906,,227485,6.82,30.5,38.3,,6.63,79.38,0.9,,,,
783,Czechia,2021-03-03,3,11810.6542050628,11.0127239849183,28,18,15,4,6,54.69,-42,502932,256973,CZE,Europe,1269058,12100857,20941,179857,118332018,1567991,1128332,1952622,22379,16771,1.1,1628,151801,8477,790429,708,66017,6618,617089,8086344,118619,754003,11061,94414,8804,131,7.6,tests performed,759896,502921,256975,,35468,20122,7.09,4.69,2.4,,1876,16759,156,75,10724553,137176,43.3,19027,11.58,32605906,,227485,6.82,30.5,38.3,,6.63,79.38,0.9,,,,
785,Czechia,2021-11-26,4,17293.4198105017,16.1250728216847,27,31,19,5,7,35,-7,6647319,6248480,CZE,Europe,2089857,18863,32643,109143,194866583,2591.53,1758861,3043763,11189,10177,1.21,912,85039,6437,600211,433,40375,5029,468924,44059227,129734,4108258,12097,117150,10924,158,6.3,tests performed,13383561,6633560,6351994,780351,71532,47564,124.79,61.85,59.23,7.28,4435,16106,0.15,52.78,10724553,137176,43.3,19027,11.58,32605906,,227485,6.82,30.5,38.3,,6.63,79.38,0.9,,,,
786,Czechia,2022-01-31,5,33091.5844382139,30.8559102073661,24,10,26,7,9,31.51,-16,6942309,6525770,CZE,Europe,3013454,35664857,37209,22714,280986443,2239534,3325533,3469515,2331,2118,1.27,314,29279,2865,267144,212,19768,2858,266491,50465606,175359,4705614,16351,152259,14197,233,4.3,tests performed,17063049,6928591,6787829,3755275,30215,31481,159.1,64.6,63.29,35.02,2935,1765,16,41.67,10724553,137176,43.3,19027,11.58,32605906,,227485,6.82,30.5,38.3,,6.63,79.38,0.9,,,,
789,Democratic Republic of Congo,2020-06-02,1,129.513418242885,0.0140199439120577,8,32,1,1,1,34.13,-24,,,COD,Africa,3326,131857,72,571,36004,1418,1427,779,0,6,1.16,,,,,,,,,,,,,,,,,,,,,,,,,,,,,,,80.56,92377986,35879,17,3.02,1745,808133,77.1,318949,6.1,,,4472,,60.68,0.48,,,,
794,Democratic Republic of Congo,2021-01-11,2,197.169783484287,0.0213438062488488,8,32,1,1,1,37.33,-7,0,0,COD,Africa,19496,191857,619,2857,211046,0.65,2077,6701,87,31,1.06,,,,,,,,,,,,,,,,,,,,,,,,,,,,,,,25,92377986,35879,17,3.02,1745,808133,77.1,318949,6.1,,,4472,,60.68,0.48,,,,
797,Democratic Republic of Congo,2021-06-21,3,339.010902891531,0.0366982348902401,8,32,1,1,1,45.78,1,46137,1685,COD,Africa,37926,322571,879,4714,410552,1267,3492,9515,0,51,1.15,,,,,,,,,,,,,,,,,,,,,,,1294,,,,,14,1092,1,41.67,92377986,35879,17,3.02,1745,808133,77.1,318949,6.1,,,4472,,60.68,0.48,,,,
801,Democratic Republic of Congo,2021-12-22,4,788.724452760815,0.0853801307987831,8,32,1,1,1,39.76,58,217382,97680,COD,Africa,67298,766571,1126,1143,728507,0,8298,12189,0,12,1.05,,,,,,,,,,,,,,,,,,282310,217382,97680,,,3148,0.31,0.24,0.11,,34,2640,3,38.89,92377986,35879,17,3.02,1745,808133,77.1,318949,6.1,,,4472,,60.68,0.48,,,,
809,Denmark,2020-12-17,1,3164.88461804666,5.44421159961526,31,4,9,3,4,19.01,-35,2,1,DNK,Europe,123813,3332,992,10571,21298223,693926,573168,170643,2924,1818,1.2,76,13073,516,88762,,,839,144324,9137269,133887,1571786,23031,114624,19718,0.0291,34.4,tests performed,4,4,,,1,0,0,0,,,0,0,0,51.85,5813302,136.52,42.3,19677,12325,46682515,0.2,114767,6.41,19.3,18.8,,2.5,80.9,0.94,,,,
815,Denmark,2022-02-05,2,43345.7963445746,74.5631249581986,5,24,32,10,13,10.98,-22,4849452,4558485,DNK,Europe,1966530,41320143,3863,20857,338281066,6741435,7107861,664.51,6021,3588,1.05,31,5333,1138,195758,,,2335,401665,60215802,114254,10358279,19654,153396,26387,0.2694,3.7,tests performed,13081178,4824759,4771651,3531786,3669,6259,225.02,83,82.08,60.75,1077,236,4,16.67,5813302,136.52,42.3,19677,12325,46682515,0.2,114767,6.41,19.3,18.8,,2.5,80.9,0.94,,,,
818,Djibouti,2020-05-29,1,137.692839353865,1.37390991345878,32,27,3,1,2,37.61,-23,,,DJI,Africa,2914,92,20,1429,2907612,0,91798,19956,0,1425,1.36,,,,,,,,,,,,,,,,,,,,,,,,,,,,,,,59.26,1002197,41285,25.4,4213,2.38,2705406,22.5,258037,6.05,1.7,24.5,,1.4,67.11,524,,,,
824,Djibouti,2021-04-03,2,166.078962482833,1.65714886876366,32,12,4,1,2,30.91,-13,8029,0,DJI,Africa,8509,180,72,857,8490347,77829,179605,71842,0,855,1.35,,,,,,,,,,,,,,,,,,,,,,,,,,,,,,,34.26,1002197,41285,25.4,4213,2.38,2705406,22.5,258037,6.05,1.7,24.5,,1.4,67.11,524,,,,
827,Djibouti,2021-09-29,3,65.2758775194495,0.651327808000318,29,6,2,1,1,35.69,16,48574,26284,DJI,Africa,12705,71143,167,1143,12677148,68849,70987,166634,0,1.14,0.92,,,,,,,,,,,,,,,,,,,,,,,608,,,,,607,653,65,43.52,1002197,41285,25.4,4213,2.38,2705406,22.5,258037,6.05,1.7,24.5,,1.4,67.11,524,,,,
828,Djibouti,2022-01-12,4,85.8695915088829,0.856813495838472,21,6,2,1,1,35.69,18,119477,26284,DJI,Africa,14541,100286,189,0,14509123,125724,100066,188586,0,0,1.56,,,,,,,,,,,,,,,,,,,,,,,608,,,,,607,653,65,43.52,1002197,41285,25.4,4213,2.38,2705406,22.5,258037,6.05,1.7,24.5,,1.4,67.11,524,,,,
856,Dominican Republic,2020-07-26,1,1369.15875916619,1.24994934062199,21,27,3,1,2,89.42,-38,,,DOM,North America,62908,1436143,1063,11714,5743075,183682,131.11,97045,0.73,1069,1.08,,,,,,,,,244643,3867,22334,353,4023,367,357,2.8,samples tested,,,,,,,,,,,,,,78.7,10953714,222873,27.6,6981,4419,14600861,1.6,266653,8.2,8.5,19.1,55182,1.6,74.08,756,,,,
860,Dominican Republic,2021-01-18,2,1546.68842185532,1.41202191499187,32,27,3,1,2,87.03,-37,0,0,DOM,North America,194966,1669143,2448,3,17799077,168.71,152381,223486,1004,274,1.1,,,,,,,,,966545,5741,88239,524,6689,611,0.2495,4,samples tested,,,,,,,,,,,,,,70.37,10953714,222873,27.6,6981,4419,14600861,1.6,266653,8.2,8.5,19.1,55182,1.6,74.08,756,,,,
862,Dominican Republic,2021-06-02,3,1235.7869158016,1.12818986857024,21,6,3,1,2,79.86,-12,3432764,1201200,DOM,North America,295680,1344429,3637,3429,26993584,151455,122737,332034,274,313,1.11,,,,,,,,,,,,,5270,481,0.2551,3.9,samples tested,4625387,3424187,1201200,,168871,83439,42.23,31.26,10.97,,7617,51341,469,62.96,10953714,222873,27.6,6981,4419,14600861,1.6,266653,8.2,8.5,19.1,55182,1.6,74.08,756,,,,
864,Dominican Republic,2021-11-12,4,1027.21462510154,0.937777474472622,21,6,3,1,1,70.43,1,6824815,5460820,DOM,North America,393383,1014,4165,2429,35913207,105.9,92571,380236,639,222,1.03,,,,,,,,,,,,,8026,733,0.1263,7.9,samples tested,13556789,6816238,5460820,1279731,22398,20574,123.76,62.23,49.85,11.68,1878,5617,51,41.67,10953714,222873,27.6,6981,4419,14600861,1.6,266653,8.2,8.5,19.1,55182,1.6,74.08,756,,,,
865,Dominican Republic,2022-01-14,5,5731.80124049382,5.23274684777585,31,4,9,3,4,70.21,0,6974830,5740955,DOM,North America,489631,6378,4266,2,44699999,654938,582268,389457,639,183,1.36,,,,,,,,,,,,,8026,733,0.7947,1.3,samples tested,14326876,6966253,5740955,1609336,24531,17732,130.79,63.6,52.41,14.69,1619,1941,18,37.96,10953714,222873,27.6,6981,4419,14600861,1.6,266653,8.2,8.5,19.1,55182,1.6,74.08,756,,,,
876,Ecuador,2021-04-29,1,1970.1028130893,1.10132525171756,21,6,3,1,2,89.31,-44,1193052,240816,ECU,South America,380689,2185143,18552,83857,21281245,169215,122154,1037092,4584,4688,1.02,,,,,,,,,1227352,2662,68611,149,3936,0.22,383,2.6,people tested,1433868,1193052,240816,,70561,46286,8.02,6.67,1.35,,2587,39733,222,75.46,17888474,66939,28.1,7104,4458,10581936,3.6,140448,5.55,2,12.3,80635,1.5,77.01,759,,,,
881,Ecuador,2022-01-19,2,7816.47769333234,4.36956092136889,23,23,8,2,3,79.47,-7,14590485,13158219,ECU,South America,649557,8669429,34247,12143,36311482,582.61,484638,1914473,559,679,1.24,,,,,,,,,2222066,12874,124218,0.72,13741,768,669,1.5,people tested,29311690,14560322,13158219,2118921,94249,96608,163.86,81.39,73.56,11.85,5401,18018,101,60.65,17888474,66939,28.1,7104,4458,10581936,3.6,140448,5.55,2,12.3,80635,1.5,77.01,759,,,,
883,Egypt,2020-06-17,1,1508.40102945444,0.144679189936976,8,32,1,1,1,48.55,-33,,,EGY,Africa,49219,1562143,1850,72571,472087,13073,14983,17744,806,696,1.07,,,,,,,,,,,,,,,,,,,,,,,,,,,,,,,71.3,104258327,97999,25.3,5159,2891,10550206,1.3,525432,17.31,0.2,50.1,89827,1.6,71.99,707,,,,
885,Egypt,2021-01-01,2,1224.5031540551,0.117448954849918,8,32,1,1,1,40.66,-14,0,0,EGY,Africa,139471,1335,7687,54,1337744,13515,12805,73.73,537,518,1.23,,,,,,,,,,,,,,,,,,,,,,,,,,,,,,,65.74,104258327,97999,25.3,5159,2891,10550206,1.3,525432,17.31,0.2,50.1,89827,1.6,71.99,707,,,,
887,Egypt,2021-05-16,3,1167.19811715964,0.111952507847132,8,32,1,1,1,41.14,-21,1334635,267349,EGY,Africa,245721,1187286,14327,60429,2356848,11519,11388,137418,556,0.58,1.04,,,,,,,,,,,,,,,,,,,,,,,43110,,,,,413,38611,37,65.74,104258327,97999,25.3,5159,2891,10550206,1.3,525432,17.31,0.2,50.1,89827,1.6,71.99,707,,,,
891,Egypt,2022-02-06,4,2189.73756440161,0.210029992558926,8,13,1,1,1,27.55,20,39174879,28440704,EGY,Africa,439651,2280429,22936,47429,4216939,22.07,21873,219992,566,455,1.11,,,,,,,,,,,,,,,,,,67211589,39155636,28440704,,,308380,64.47,37.56,27.28,,2958,120425,116,43.52,104258327,97999,25.3,5159,2891,10550206,1.3,525432,17.31,0.2,50.1,89827,1.6,71.99,707,,,,
965,Estonia,2021-03-13,1,1431.91998232029,10.8054101178119,28,15,15,4,6,62.9,-39,132963,55977,EST,Europe,83872,1455429,710,9429,63290643,1196811,1098281,535773,11319,7115,1.08,69,52068,714,538791,,,,,1036839,5081,782409,3834,7224,5451,0.2015,5,tests performed,185671,132963,55979,1467,5502,5782,14.01,10.03,4.22,0.11,4363,4538,342,67.59,1325188,31033,42.7,19452,13491,29481252,0.5,255569,4.02,24.5,39.3,,4.69,78.74,892,,,,
966,Estonia,2021-10-30,2,1630.87013792844,12.3067077118751,3,1,17,4,6,46.5,-15,795128,747421,EST,Europe,192092,1691429,1516,8857,144954527,1426967,1276369,1143989,10565,6684,1.15,53,39994,601,453521,,,,,2147897,7545,1620824,5694,8157,6155,0.2074,4.8,tests performed,1475790,794618,759206,68861,2296,6405,111.36,59.96,57.29,5.2,4833,2044,154,32.41,1325188,31033,42.7,19452,13491,29481252,0.5,255569,4.02,24.5,39.3,,4.69,78.74,892,,,,
967,Estonia,2022-02-04,3,6339.11185208301,47.8355663655497,11,9,29,9,11,51.87,-21,855589,804254,EST,Europe,366089,6654857,2053,4429,276254388,6038389,5021821,1549214,4528,3342,1.2,15,11319,408,307881,,,,,2905050,13862,2192.18,10.46,12717,9596,0.5233,1.9,tests performed,1929245,855075,834650,423085,2210,2007,145.58,64.52,62.98,31.93,1515,161,12,54.63,1325188,31033,42.7,19452,13491,29481252,0.5,255569,4.02,24.5,39.3,,4.69,78.74,892,,,,
975,Eswatini,2021-01-14,1,221.201820669959,1.88679349820713,1,12,4,2,2,53.18,-29,0,0,SWZ,Africa,12327,222,335,9571,10514608,173154,189.36,285746,2559,8164,1.01,,,,,,,,,,,,,,,,,,,,,,,,,,,,,,,75,1172369,79492,21.5,3163,1845,7738975,,333436,3.94,1.7,16.5,24097,2.1,60.19,611,,,,
977,Eswatini,2021-08-09,2,684.801829412671,5.84117994771843,25,4,10,3,4,53.14,6,73612,62552,SWZ,Africa,31738,730,874,9714,27071681,578316,622671,745499,11089,8286,1.24,,,,,,,,,,,,,,,,,,136164,73612,62552,,,9965,11.61,6.28,5.34,,8500,4983,425,62.96,1172369,79492,21.5,3163,1845,7738975,,333436,3.94,1.7,16.5,24097,2.1,60.19,611,,,,
979,Eswatini,2021-12-15,3,895.832166626393,7.6412133605238,19,5,12,3,5,53.14,23,324400,293712,SWZ,Africa,56200,992429,1254,857,47937126,1253018,846516,1069629,0,731,1.69,,,,,,,,,,,,,,,,,,,,,,,5129,,,,,4375,2969,253,49.07,1172369,79492,21.5,3163,1845,7738975,,333436,3.94,1.7,16.5,24097,2.1,60.19,611,,,,
984,Ethiopia,2020-08-23,1,1442.39480148577,0.122365200382796,8,32,1,1,1,60.99,-10,,,ETH,Africa,40671,1542143,678,21429,345031,13896,13083,5752,136,182,1.23,,,,,,,,,757057,20153,6422,171,21085,179,0.0731,13.7,tests performed,,,,,,,,,,,,,,80.56,117876226,104957,19.8,3526,2063,1729927,26.7,182634,7.47,0.4,8.5,7.96,0.3,66.6,485,,,,
987,Ethiopia,2021-04-02,2,2035.87677267611,0.172713094214274,8,32,1,1,1,59.35,-13,0,0,ETH,Africa,211314,2099,2915,20857,1792677,19962,17807,24729,212,177,1.09,,,,,,,,,2374204,9017,20141,76,8198,0.07,256,3.9,tests performed,,,,,,,,,,,,,,43.52,117876226,104957,19.8,3526,2063,1729927,26.7,182634,7.47,0.4,8.5,7.96,0.3,66.6,485,,,,
988,Ethiopia,2021-08-31,3,1324.09712546886,0.112329446776559,8,32,1,1,1,45.77,12,2330700,2190858,ETH,Africa,308134,1448143,4675,13571,2614047,11232,12285,39.66,127,115,1.06,,,,,,,,,3239416,8430,27482,72,8581,73,0.1688,5.9,tests performed,2451950,,,,192,10613,2.08,,,,90,298,0,43.52,117876226,104957,19.8,3526,2063,1729927,26.7,182634,7.47,0.4,8.5,7.96,0.3,66.6,485,,,,
990,Ethiopia,2021-12-29,4,3543.18254055951,0.300585000113552,29,13,1,1,1,40.04,51,9452716,8885553,ETH,Africa,410445,4010571,6916,5143,3482,39872,34024,58672,42,44,1.61,,,,,,,,,,,,,9706,82,0.4132,2.4,tests performed,10903669,9344003,,,8733,30057,9.25,7.93,,,255,15293,13,40.74,117876226,104957,19.8,3526,2063,1729927,26.7,182634,7.47,0.4,8.5,7.96,0.3,66.6,485,,,,
1058,Fiji,2021-07-29,1,958.869897503833,10.6199020876514,28,15,15,4,6,55.73,-37,463120,112910,FJI,Oceania,27497,876571,227,9429,30454126,1440914,970841,251412,9968,10443,1.08,,,,,,,,,312913,3170,346565,3511,3172,3513,,,tests performed,,,,,,11112,,,,,12307,6975,773,67.59,902899,49562,28.6,6224,3284,8702975,1.4,412.82,14.49,10.2,34.8,,2.3,67.44,743,,,,
1060,Fiji,2022-01-08,2,356.005325769267,3.94291416613893,12,17,7,2,3,72.2,-9,670740,610881,FJI,Oceania,57257,444286,709,1286,63414623,1780.93,492066,785248,5538,1424,1.61,,,,,,,,,,,,,689,763,,,tests performed,,,,,,358,,,,,397,101,11,90.74,902899,49562,28.6,6224,3284,8702975,1.4,412.82,14.49,10.2,34.8,,2.3,67.44,743,,,,
1076,Finland,2022-03-13,1,8325.64796130863,15.0055988810184,27,16,18,5,7,48.87,-9,4484531,4215459,FIN,Europe,734262,8927,2653,11714,132338541,0,1608944,478159,0,2111,1.33,36,6488,807,145448,,,,,10179034,8875,1834602,1.6,15209,2741,481,2.1,tests performed,,,,,,11641,,,,,2098,3329,0.06,24.07,5548361,18136,42.8,21228,13264,40585721,,153507,5.76,18.3,22.6,,3.28,81.91,938,4087.6,3.34,10.19,736.7220698
1083,France,2020-11-02,1,50942.0830667008,7.55570630754068,19,5,12,3,5,75.83,-45,,,FRA,Europe,1557975,50467571,37448,348,23107813,1553009,748533,555427,6215,5162,1.34,3721,55.19,25120,372579,2678,39.72,17683,262273,20674774,435976,306647,6466,310928,4612,155,6.5,people tested,,,,,,,,,,,,,,78.7,67422000,122578,42,19718,13079,38605671,,86.06,4.77,30.1,35.6,,5.98,82.66,901,,,,
1089,France,2022-01-22,2,342252.589995908,50.7627465806277,17,8,30,9,11,59.79,-18,53780140,50553332,FRA,Europe,16442319,356906857,128580,235,243871718,5774376,5293626,1907093,2477,3486,1.13,3746,55.56,28515,422933,2015,29886,18664,276824,225678397,1025505,3347252,15.21,1279314,18975,281,3.6,people tested,134983446,53919615,51199195,30943767,295197,360177,200.21,79.97,75.94,45.9,5342,26633,0.04,66.67,67422000,122578,42,19718,13079,38605671,,86.06,4.77,30.1,35.6,,5.98,82.66,901,,,,
1090,France,2022-04-02,3,135009.986588436,20.0246190543793,9,21,21,6,8,25.72,-10,54117354,50870313,FRA,Europe,25948919,139528571,142544,120571,384873172,1959509,2069481,2114206,1009,1788,1.11,1523,22589,22113,327979,897,13304,10184,151049,260248604,363212,3859995,5387,477259,7079,0.29,3.4,people tested,142502754,54338683,52704214,36539700,23247,36667,211.36,80.59,78.17,54.2,544,1602,2,23.15,67422000,122578,42,19718,13079,38605671,,86.06,4.77,30.1,35.6,,5.98,82.66,901,,,,
1107,Gabon,2020-06-18,1,111.229247288848,0.488098261382701,29,13,2,1,1,86.45,-23,,,GAB,Africa,4340,125286,32,1286,1904487,48709,54978,14042,878,564,1.02,,,,,,,,,,,,,,,,,,,,,,,,,,,,,,,84.26,2278829,7859,23.1,4.45,2976,16562413,3.4,259967,7.2,,,,6.3,66.47,703,,,,
1113,Gabon,2021-03-09,2,151.379297741587,0.664285463023276,29,6,2,1,1,57.72,-19,0,0,GAB,Africa,16015,166571,91,571,7027732,0,73095,39933,0,251,1.2,,,,,,,,,,,,,,,,,,,,,,,,,,,,,,,65.74,2278829,7859,23.1,4.45,2976,16562413,3.4,259967,7.2,,,,6.3,66.47,703,,,,
1116,Gabon,2021-10-03,3,209.284702802404,0.918387043531586,21,6,3,1,1,74.94,17,108742,79092,GAB,Africa,30648,217429,190,1714,13449013,0,95412,83376,0,752,1.23,,,,,,,,,,,,,2379,1044,0.0914,10.9,tests performed,,,,,,579,,,,,254,321,14,55.56,2278829,7859,23.1,4.45,2976,16562413,3.4,259967,7.2,,,,6.3,66.47,703,,,,
1117,Gabon,2021-12-31,4,353.687720009763,1.55205906195578,32,27,3,1,2,35.12,31,277258,198804,GAB,Africa,41798,537,288,286,18341876,318146,235647,126381,0,125,0.98,,,,,,,,,,,,,1730,759,0.3104,3.2,tests performed,,,,,,3128,,,,,1373,1701,75,41.67,2278829,7859,23.1,4.45,2976,16562413,3.4,259967,7.2,,,,6.3,66.47,703,,,,
1123,Gambia,2020-08-17,1,101.302731004938,0.407339353610236,29,13,2,1,1,53.98,-9,,,GMB,Africa,1872,91,63,5714,752733,0,36591,25332,0,2298,1.17,,,,,,,,,,,,,,,,,,,,,,,,,,,,,,,77.78,2486937,207566,17.5,2339,1417,1561767,10.1,331.43,1.91,0.7,31.2,7876,1.1,62.05,496,,,,
1127,Gambia,2021-03-17,2,31.6258386022345,0.127167831763468,8,32,1,1,1,42.3,-2,0,0,GMB,Africa,5085,41857,158,714,2044684,26539,16831,63532,2011,287,0.97,,,,,,,,,,,,,,,,,,,,,,,281,,,,,113,281,11,44.44,2486937,207566,17.5,2339,1417,1561767,10.1,331.43,1.91,0.7,31.2,7876,1.1,62.05,496,,,,
1130,Gambia,2021-08-03,3,92.3923207409935,0.371510499626623,29,13,2,1,1,42.3,18,99235,78822,GMB,Africa,8296,137571,227,2714,3335.83,236033,55318,91277,6032,1091,0.93,,,,,,,,,91122,,36.64,,535,215,0.2571,3.9,tests performed,,,,,,3615,,,,,1454,3578,144,33.33,2486937,207566,17.5,2339,1417,1561767,10.1,331.43,1.91,0.7,31.2,7876,1.1,62.05,496,,,,
1132,Gambia,2022-01-09,4,71.3902030616495,0.287060762140937,8,13,1,1,1,42.3,29,290826,273376,GMB,Africa,10792,88857,343,0,4339475,0,35.73,137921,0,0,0.48,,,,,,,,,,,,,169,68,0.5258,1.9,tests performed,,,,,,2299,,,,,924,2283,92,13.89,2486937,207566,17.5,2339,1417,1561767,10.1,331.43,1.91,0.7,31.2,7876,1.1,62.05,496,,,,
1141,Georgia,2020-12-03,1,4130.87951327374,10.3796862616881,28,15,15,4,6,72.26,-41,0,0,GEO,Asia,147636,4135143,1387,37571,37096588,1070413,1039.04,348512,11307,9441,1.09,,,,,,,,,,,,,,,,,,,,,,,,,,,,,,,84.26,3979773,65032,38.7,14864,10244,9745079,4.2,496218,7.11,5.3,55.5,,2.6,73.77,812,,,,
1143,Georgia,2021-08-16,2,4678.00829222032,11.7544600966445,20,1,16,4,6,44.3,-6,597522,245207,GEO,Asia,484254,4872143,6436,44,121678799,672.4,1224226,1617178,7538,11056,1.16,,,,,,,,,5810351,25730,1459.97,6465,43925,11037,0.1109,9,tests performed,831815,586608,245207,,,23831,20.9,14.74,6.16,,5988,17978,452,50.93,3979773,65032,38.7,14864,10244,9745079,4.2,496218,7.11,5.3,55.5,,2.6,73.77,812,,,,
1145,Georgia,2021-11-07,3,4543.68687366658,11.4169498452967,20,18,16,4,6,36.47,2,1063312,952831,GEO,Asia,752855,4801143,10435,55714,189170337,1031215,1206386,2622009,16835,13999,1.08,,,,,,,,,8892722,37115,2234.48,9326,39289,9872,0.1222,8.2,tests performed,2005229,1052398,952831,,1266,4092,50.39,26.44,23.94,,1028,2050,52,47.22,3979773,65032,38.7,14864,10244,9745079,4.2,496218,7.11,5.3,55.5,,2.6,73.77,812,,,,
1146,Georgia,2022-02-05,4,19994.2505673656,50.2396758995189,17,8,30,9,11,44.92,-8,1534218,1226924,GEO,Asia,1295505,21428143,15174,37571,325522335,5812894,5384263,3812.78,8292,9441,1.25,,,,,,,,,,,,,46798,11759,0.4579,2.2,tests performed,2750228,1523304,1226924,,3087,6467,69.11,38.28,30.83,,1625,5273,132,50,3979773,65032,38.7,14864,10244,9745079,4.2,496218,7.11,5.3,55.5,,2.6,73.77,812,,,,
1154,Germany,2020-12-18,1,23412.550699842,2.79051481127466,22,7,5,2,3,63.34,-42,0,0,DEU,Europe,1439938,23980,24938,566857,17162454,402584,285815,297233,9.69,6756,1.12,4904,58.45,,,,,12258,146102,,,,,232939,2776,,,tests performed,,,,,,,,,,,,,,82.41,83900471,237016,46.6,21453,15957,45229245,,156139,8.31,28.2,33.1,,8,81.33,947,,,,
1158,Germany,2021-11-29,2,56210.6756514232,6.69968535116128,6,2,11,3,4,52.63,-13,59907880,56313407,DEU,Europe,5791060,57925,100956,261714,69022974,349986,690401,1203283,0.87,3119,1.12,4605,54886,,,2444,29.13,10933,130309,,,,,278953,3325,,,tests performed,124861343,60315130,58081881,10020108,636178,682592,148.82,71.89,69.23,11.94,8136,98565,117,63.89,83900471,237016,46.6,21453,15957,45229245,,156139,8.31,28.2,33.1,,8,81.33,947,,,,
1160,Germany,2022-03-24,3,224727.324874354,26.7849896664292,4,19,24,7,9,43.56,-9,63998880,60158947,DEU,Europe,19596530,229484143,127822,200286,233568772,3794818,2735195,1523496,3576,2387,1.07,2326,27723,,,1956,23313,11960,142.55,,,,,342618,4084,,,tests performed,175484681,64403683,64210706,50546687,183839,119918,209.16,76.76,76.53,60.25,1429,4933,6,48.15,83900471,237016,46.6,21453,15957,45229245,,156139,8.31,28.2,33.1,,8,81.33,947,,,,
1164,Ghana,2020-07-26,1,663.753697135426,0.209174026127534,8,13,1,1,1,56.98,-14,,,GHA,Africa,32969,757429,168,2857,1038979,35232,23869,5294,221,0.09,1.06,,,,,,,,,382752,4017,12062,127,3647,115,0.2077,4.8,tests performed,,,,,,,,,,,,,,52.78,31732128,126719,21.1,3385,1948,4227.63,12,298245,4.97,0.3,7.7,41047,0.9,64.07,611,,,,
1167,Ghana,2021-02-01,2,721.922455779479,0.227505213573914,8,13,1,1,1,67.71,-14,0,0,GHA,Africa,67010,696429,416,6286,2111.74,0,21947,13.11,0,198,1.18,,,,,,,,,792936,4410,24988,139,5054,159,0.1378,7.3,tests performed,,,,,,,,,,,,,,38.89,31732128,126719,21.1,3385,1948,4227.63,12,298245,4.97,0.3,7.7,41047,0.9,64.07,611,,,,
1171,Ghana,2021-08-23,3,508.994375521375,0.160403479880509,8,32,1,1,1,55.94,6,865422,601632,GHA,Africa,115102,552857,974,6286,3627302,16324,17423,30694,189,198,1.08,,,,,,,,,1593355,5933,50213,187,6005,189,0.0921,10.9,tests performed,,,,,,5590,,,,,176,0,0,44.44,31732128,126719,21.1,3385,1948,4227.63,12,298245,4.97,0.3,7.7,41047,0.9,64.07,611,,,,
1173,Ghana,2021-12-30,4,967.360650263556,0.304852120306446,29,13,1,1,1,41.92,26,5893092,2528872,GHA,Africa,141295,962857,1287,2571,4452743,0,30343,40558,0,81,1.2,,,,,,,,,2132704,,67.21,,5200,164,0.1852,5.4,tests performed,,,,,,59476,,,,,1874,14820,47,51.85,31732128,126719,21.1,3385,1948,4227.63,12,298245,4.97,0.3,7.7,41047,0.9,64.07,611,,,,
1204,Greece,2022-01-05,1,30315.3197367958,29.231568118281,14,26,25,7,9,74.87,-18,7515910,7064956,GRC,Europe,1388309,36228,21115,68429,133867792,4183498,3493287,2036015,5978,6598,1.47,,,,,,,,,49042127,416400,4728891,40151,394619,38051,0.0918,10.9,samples tested,17812398,7510875,7094445,3781031,94513,72791,171.76,72.42,68.41,36.46,7019,9315,0.09,77.78,10370747,83479,45.3,20396,14524,24574382,1.5,175695,4.55,35.3,52,,4.21,82.24,888,,,,
1394,India,2020-09-13,1,90724.6634601957,0.651098574155689,29,6,2,1,1,68.06,-34,,,IND,Asia,4846427,91687714,79722,1154286,3478108,66076,65801,57214,815,828,1.07,,,,,,,,,56260928,1071702,40376,769,1061398,762,0.0864,11.6,samples tested,,,,,,,,,,,,,,85.65,1393409033,450419,28.2,5989,3414,6426674,21.2,282.28,10.39,1.9,20.6,59.55,0.53,69.66,645,,,,
1395,India,2021-05-04,2,375580.686375817,2.69540872407863,22,7,5,2,3,80.63,-61,132304449,30448623,IND,Asia,20664979,381123714,226188,3571571,14830519,274253,273519,162327,2713,2563,1.12,,,,,,,,,293310779,1663742,210499,1194,1761557,1264,0.2164,4.6,samples tested,157750752,128627919,29122833,,1668616,1838788,11.32,9.23,2.09,,1320,1052090,76,73.61,1393409033,450419,28.2,5989,3414,6426674,21.2,282.28,10.39,1.9,20.6,59.55,0.53,69.66,645,,,,
1398,India,2022-01-21,3,278279.818415067,1.99711507407077,1,12,4,2,2,64.59,-11,877381409,667163363,IND,Asia,38903731,293252714,488884,447429,27919821,242358,210457,350855,0.35,321,1.31,,,,,,,,,711538938,2182108,510646,1566,1777122,1275,165,6.1,samples tested,1609613007,925500152,677041072,7071783,9279228,7590638,115.52,66.42,48.59,0.51,5448,3059055,0.22,83.8,1393409033,450419,28.2,5989,3414,6426674,21.2,282.28,10.39,1.9,20.6,59.55,0.53,69.66,645,,,,
1403,Indonesia,2021-01-27,1,12150.0419710932,0.439642616984849,29,13,2,1,1,77.08,-29,308003,4557,IDN,Asia,1024298,12050,28855,285429,3706366,43233,43602,104.41,1.4,1033,1.07,,,,,,,,,,,,,,,,,,308003,308003,,,62318,28915,0.11,0.11,,,105,28915,0.01,64.35,276361788,145725,29.3,5319,3053,11188744,5.7,342864,6.32,2.8,76.1,64204,1.04,71.72,718,,,,
1405,Indonesia,2021-07-17,2,44114.445781216,1.59625706941858,32,27,3,1,2,77.48,-35,41268627,16217855,IDN,Asia,2832755,48821286,72489,1004571,10250169,187985,176657,262297,3951,3635,1.19,,,,,,,,,15655812,188551,56.65,682,162382,588,0.3007,3.3,people tested,57486482,41268627,16217855,,1316942,903439,20.8,14.93,5.87,,3269,725079,262,71.76,276361788,145725,29.3,5319,3053,11188744,5.7,342864,6.32,2.8,76.1,64204,1.04,71.72,718,,,,
1406,Indonesia,2022-02-18,3,50882.9729546605,1.84117251964879,1,12,4,2,2,67.14,-13,189310749,139140467,IDN,Asia,5089637,54513429,146044,155143,18416573,215786,197254,528452,782,561,1.28,,,,,,,,,53603989,307607,193963,1113,317986,1151,0.1714,5.8,people tested,337806448,189307384,139140467,8326622,1346827,1112034,122.23,68.5,50.35,3.01,4024,198376,72,68.98,276361788,145725,29.3,5319,3053,11188744,5.7,342864,6.32,2.8,76.1,64204,1.04,71.72,718,,,,
1415,Iran,2020-11-26,1,13291.8054260676,1.56321289715005,32,27,3,1,2,54.27,-14,,,IRN,Asia,908346,13318429,46689,467429,10682809,164192,156634,549097,5669,5497,1.07,,,,,,,,,5955724,42495,70044,0.5,41169,484,0.3235,3.1,tests performed,,,,,,,,,,,,,,72.69,85028760,49831,32.4,5.44,3182,19082.62,0.2,270308,9.59,0.8,21.1,,1.5,76.68,783,,,,
1418,Iran,2021-04-17,2,22966.2531525373,2.70099824489235,22,7,5,2,3,54.13,-16,394431,120705,IRN,Asia,2215445,23766714,66327,299286,26055243,250645,279514,780054,3752,3.52,1.17,,,,,,,,,,,,,98018,1153,0.2425,4.1,tests performed,,,,,,12031,,,,,141,9865,12,81.48,85028760,49831,32.4,5.44,3182,19082.62,0.2,270308,9.59,0.8,21.1,,1.5,76.68,783,,,,
1419,Iran,2021-08-13,3,37462.4072246379,4.40585129368438,23,23,8,2,3,47.65,5,14578091,3854354,IRN,Asia,4359385,38102,96742,522286,51269535,460068,448107,1137756,6198,6142,1.11,,,,,,,,,26984630,94633,317359,1113,97015,1141,0.3927,2.5,tests performed,,,,,,534642,,,,,6288,411111,483,68.06,85028760,49831,32.4,5.44,3182,19082.62,0.2,270308,9.59,0.8,21.1,,1.5,76.68,783,,,,
1420,Iran,2022-02-07,4,30903.1802880967,3.63443854621621,12,17,7,2,3,42.42,17,61285990,54561630,IRN,Asia,6619085,35130143,132934,68571,77845249,468.3,413156,1563.4,1223,806,1.36,,,,,,,,,45505835,,535182,,102338,1204,0.3433,2.9,tests performed,135705646,61170578,54561630,19973438,440974,500479,159.6,71.94,64.17,23.49,5886,57163,67,62.04,85028760,49831,32.4,5.44,3182,19082.62,0.2,270308,9.59,0.8,21.1,,1.5,76.68,783,,,,
1472,Italy,2020-11-12,1,33807.3852112154,5.60026528380084,25,4,10,3,4,92.76,-40,,,ITA,Europe,1066401,34503143,43589,485286,17665159,629097,571552,722061,10535,8039,1.12,3170,52512,33043,547364,,,17422,288599,18200508,234672,301495,3887,211837,3509,0.1629,6.1,tests performed,,,,,,,,,,,,,,82.41,60367471,205859,47.9,23021,16.24,35220084,2,113151,4.78,19.8,27.8,,3.18,83.51,892,,,,
1476,Italy,2022-01-15,2,174302.665690802,28.8736073921006,14,26,25,7,9,83.66,-22,49685652,45349922,ITA,Europe,8549450,181164714,140856,282143,141623458,3196026,3001032,2333.31,5102,4674,1.16,1677,27.78,20047,332083,1030,17062,11304,187253,154869351,1217830,2565444,20174,1100489,18.23,0.1646,6.1,tests performed,120062801,49426408,45349268,26792603,700393,663990,198.89,81.88,75.12,44.38,10999,78440,0.13,73.15,60367471,205859,47.9,23021,16.24,35220084,2,113151,4.78,19.8,27.8,,3.18,83.51,892,,,,
1483,Jamaica,2020-09-21,1,155.751892736627,0.523806568695437,29,13,2,1,1,74.87,-27,,,JAM,North America,5143,172857,70,3714,1729634,52128,58133,23542,1009,1249,1.13,,,,,,,,,73475,577,24.71,194,719,242,0.2404,4.2,samples tested,,,,,,,,,,,,,,75,2973462,266879,31.4,9684,6.39,8193571,,206537,11.28,5.3,28.6,66425,1.7,74.47,734,,,,
1486,Jamaica,2021-03-14,2,619.771282130987,2.08434236634262,1,12,4,2,2,75.84,-29,12099,0,JAM,North America,30499,639,485,4571,10257067,197413,214901,163.11,336,1537,1.15,,,,,,,,,,,,,2305,775,0.2772,3.6,samples tested,12099,12099,,,,2420,0.41,0.41,,,814,2420,81,71.3,2973462,266879,31.4,9684,6.39,8193571,,206537,11.28,5.3,28.6,66425,1.7,74.47,734,,,,
1487,Jamaica,2021-09-01,3,675.466047310219,2.27164849360852,1,7,5,2,2,77.03,-7,411755,145171,JAM,North America,68482,664429,1549,16857,23031066,118044,223453,520942,10426,5669,1.11,,,,,,,,,550980,1685,185299,567,1805,607,0.3681,2.7,samples tested,550010,409492,145171,,7122,7576,18.5,13.77,4.88,,2548,7365,248,74.07,2973462,266879,31.4,9684,6.39,8193571,,206537,11.28,5.3,28.6,66425,1.7,74.47,734,,,,
1488,Jamaica,2022-01-14,4,1250.21018817475,4.2045608390985,23,23,8,2,3,77.03,-5,731104,592407,JAM,North America,108983,1360,2517,4,36651889,424421,457379,846488,1009,1345,1.38,,,,,,,,,749891,,252195,,3261,1097,417,2.4,samples tested,1256326,728841,592407,13362,,3627,42.25,24.51,19.92,0.45,1220,1228,41,74.07,2973462,266879,31.4,9684,6.39,8193571,,206537,11.28,5.3,28.6,66425,1.7,74.47,734,,,,
1489,Jamaica,2022-05-29,5,290.371781437035,0.976544450331079,21,6,3,1,1,77.03,8,794824,717076,JAM,North America,136313,236143,3049,2429,45843196,218.6,79417,1025404,1682,817,1.24,,,,,,,,,,,,,2777,934,85,11.8,samples tested,1436924,800269,697918,40400,,588,48.32,26.91,23.47,1.36,198,285,0.01,11.11,2973462,266879,31.4,9684,6.39,8193571,,206537,11.28,5.3,28.6,66425,1.7,74.47,734,,,,
1494,Japan,2021-08-22,1,21644.4661274517,1.71712252633864,32,12,4,1,2,92.95,-29,66849648,51775600,JPN,Asia,1308422,22649714,15636,32286,10380117,177.27,179687,124045,0.19,256,1.2,,,,,,,,,19680108,55312,156128,439,111991,888,0.2022,4.9,people tested,125828811,69829965,55998846,,1250534,1251743,99.82,55.4,44.43,,9930,586258,465,52.31,126050796,347778,48.2,27049,18493,39002223,,79.37,5.72,11.2,33.7,,13.05,84.63,919,,,,
1495,Japan,2022-02-07,2,88059.3156617201,6.98601821298456,6,2,11,3,4,92.55,-27,101759607,95654031,JPN,Asia,3377378,91274,19454,91714,26793786,538981,724105,154335,896,728,1.23,,,,,,,,,33773142,316989,267933,2515,227752,1807,0.4008,2.5,people tested,212787114,101647749,100148693,10990672,808497,697228,168.81,80.64,79.45,8.72,5531,13448,11,47.22,126050796,347778,48.2,27049,18493,39002223,,79.37,5.72,11.2,33.7,,13.05,84.63,919,,,,
1502,Jordan,2020-11-16,1,5157.32987348566,5.02222107761154,31,4,9,3,4,61.37,-11,,,JOR,Asia,149539,4936143,1843,78286,14562146,570746,480683,179472,6914,7623,1.1,,,,,,,,,2210501,26475,215259,2578,20304,1977,0.2431,4.1,tests performed,,,,,,,,,,,,,,81.48,10269022,109285,23.2,3.81,2361,8337.49,0.1,208257,11.75,,,,1.4,74.53,729,,,,
1503,Jordan,2021-03-19,2,7922.14166109116,7.71460189791312,19,5,12,3,5,69.94,-9,199367,57891,JOR,Asia,521461,8086429,5701,68143,50780006,716134,787458,555165,7206,6636,1.13,,,,,,,,,5403594,38829,526203,3781,42826,4.17,0.1888,5.3,tests performed,,,,,,8876,,,,,864,8386,82,81.48,10269022,109285,23.2,3.81,2361,8337.49,0.1,208257,11.75,,,,1.4,74.53,729,,,,
1508,Jordan,2022-02-09,3,18031.2652211238,17.5588923863673,13,22,20,5,7,48.51,17,4630983,4293498,JOR,Asia,1396430,19349571,13409,23,135984712,2140126,1884266,1305772,2629,2.24,1.19,,,,,,,,,15290191,,1488963,,67043,6529,0.2886,3.5,tests performed,9377901,4630227,4293498,,,15782,91.32,45.09,41.81,,1537,4462,43,34.26,10269022,109285,23.2,3.81,2361,8337.49,0.1,208257,11.75,,,,1.4,74.53,729,,,,
1519,Kazakhstan,2021-07-25,1,11592.0373204556,6.10269173559405,25,2,10,3,4,55.12,8,5144799,3232019,KAZ,Asia,595577,15348857,9077,77,31354478,714084,808049,477864,28376,4054,1.11,,,,,,,,,,,,,,,,,,8359068,5127049,3232019,,90165,101996,44.01,26.99,17.02,,5370,36409,192,62.96,18994958,6681,30.6,6991,4625,24055588,0.1,466792,7.11,7,43.1,98999,6.7,73.6,825,,,,
1520,Kazakhstan,2022-01-21,2,12189.2469925675,6.41709604862906,6,2,11,3,4,53.73,-4,9122522,8575170,KAZ,Asia,1217538,13798571,18357,9143,64097957,798.58,726433,966414,369,481,1.45,,,,,,,,,,,,,,,,,,17772417,9104772,8667645,,23525,18444,93.56,47.93,45.63,,971,8494,45,76.85,18994958,6681,30.6,6991,4625,24055588,0.1,466792,7.11,7,43.1,98999,6.7,73.6,825,,,,
1524,Kenya,2020-08-01,1,635.934343440476,0.1156544920424,8,32,1,1,1,64.92,-17,,,KEN,Africa,21363,674286,364,12286,388519,13222,12263,6.62,418,223,1.12,,,,,,,,,310330,6371,5644,116,5675,103,0.1188,8.4,tests performed,,,,,,,,,,,,,,75.93,54985702,87324,20,2686,1528,2993028,36.8,218637,2.92,1.2,20.4,24651,1.4,66.7,601,,,,
1525,Kenya,2020-11-12,2,1027.97872849384,0.186953824558581,8,32,1,1,1,60.2,2,,,KEN,Africa,66723,1018286,1203,18714,1213461,16713,18519,21878,418,0.34,1.07,,,,,,,,,,,,,6253,114,0.1628,6.1,tests performed,,,,,,,,,,,,,,51.85,54985702,87324,20,2686,1528,2993028,36.8,218637,2.92,1.2,20.4,24651,1.4,66.7,601,,,,
1527,Kenya,2021-03-27,3,1245.27963931452,0.226473354712198,8,13,1,1,1,63.4,5,104626,42,KEN,Africa,129330,1309571,2104,15714,2352066,20951,23817,38264,109,286,1.17,,,,,,,,,,,,,6092,111,215,4.7,tests performed,,,,,,9389,,,,,171,9389,17,56.02,54985702,87324,20,2686,1528,2993028,36.8,218637,2.92,1.2,20.4,24651,1.4,66.7,601,,,,
1530,Kenya,2021-08-12,4,1225.45423250516,0.222867797978675,8,13,1,1,1,67.81,30,1192418,729667,KEN,Africa,217276,1287714,4273,30857,3951.5,28116,23419,77711,582,561,1.14,,,,,,,,,,,,,5431,99,0.2371,4.2,tests performed,1922085,1192418,729667,,40097,24546,3.5,2.17,1.33,,446,16659,0.03,72.22,54985702,87324,20,2686,1528,2993028,36.8,218637,2.92,1.2,20.4,24651,1.4,66.7,601,,,,
1531,Kenya,2021-12-27,5,2359.07361607105,0.429034008890357,29,13,2,1,1,54.72,61,6026414,3957505,KEN,Africa,284150,2774714,5364,1571,5167707,29026,50462,97553,55,29,1.43,,,,,,,,,,,,,7836,143,0.3541,2.8,tests performed,9629145,,3957505,,35035,79535,17.51,,7.2,,1446,10694,19,55.56,54985702,87324,20,2686,1528,2993028,36.8,218637,2.92,1.2,20.4,24651,1.4,66.7,601,,,,
1557,Kuwait,2021-06-30,1,1742.50866803555,4.02561472167616,12,17,7,2,3,72.76,16,1667658,888361,KWT,Asia,356687,1698286,1969,10714,82403288,424.16,392345,454886,1848,2475,1.03,,,,,,,,,2976536,14887,687652,3439,13855,3201,0.1226,8.2,tests performed,,,,,,11572,,,,,2673,8291,192,60.19,4328553,232128,33.7,2345,1114,65530537,,132235,15.84,2.7,37,,2,75.49,806,,,,
1559,Kuwait,2022-01-29,2,5621.37610179432,12.9867327529415,3,1,17,4,6,57.64,22,3419874,3214682,KWT,Asia,534062,5850714,2494,1286,123381185,1341788,1351656,576174,462,297,1.15,,,,,,,,,6853435,31198,1583309,7207,31332,7238,0.1867,5.4,tests performed,,,,,,12237,,,,,2827,1219,28,49.07,4328553,232128,33.7,2345,1114,65530537,,132235,15.84,2.7,37,,2,75.49,806,,,,
1591,Latvia,2022-02-14,1,9630.70573971243,51.5856786566233,17,8,30,9,11,39.87,-27,1344936,1264240,LVA,Europe,522766,9859286,5029,9857,280013112,2219682,5281004,2693721,2678,5.28,1.1,,,1145,613305,,,,,6373017,9431,3413627,5052,23618,12651,0.4174,2.4,tests performed,2831332,1340196,1294777,481175,1944,2757,151.66,71.79,69.35,25.77,1477,172,9,54.63,1866934,31212,43.9,19754,14136,25063846,0.7,350.06,4.91,25.6,51,,5.57,75.29,866,,,,
1598,Lebanon,2021-01-14,1,4447.78525832895,6.57066928825927,6,2,11,3,4,72.41,-54,0,0,LBN,Asia,237132,4633286,1781,30714,35031276,767.6,684471,263105,6057,4537,1.17,,,,,,,,,,,,,,,,,,,,,,,,,,,,,,,90.74,6769151,594561,31.1,8514,5.43,13367565,,266591,12.71,26.9,40.7,,2.9,78.93,744,,,,
1602,Lebanon,2022-01-16,2,6441.83389209792,9.51645766521964,10,11,14,4,5,53.95,-2,2406732,1920783,LBN,Asia,820170,6570,9383,14286,121162905,818271,970.58,1386141,2364,2.11,1.19,,,,,,,,,,,,,,,,,,4704784,,1920783,384246,17189,19216,69.5,,28.38,5.68,2839,6729,99,50,6769151,594561,31.1,8514,5.43,13367565,,266591,12.71,26.9,40.7,,2.9,78.93,744,,,,
1603,Lebanon,2022-02-01,3,7595.21012989,11.2203290041691,20,18,16,4,6,54.71,-2,2451432,2026672,LBN,Asia,928522,7768286,9621,15429,137169639,1080.49,1147601,1421301,2216,2279,1.07,,,,,,,,,,,,,,,,,,4917151,2441107,2026672,449372,15064,12976,72.64,36.06,29.94,6.64,1917,2790,41,50,6769151,594561,31.1,8514,5.43,13367565,,266591,12.71,26.9,40.7,,2.9,78.93,744,,,,
1765,Malaysia,2021-01-30,1,4146.97931741269,1.265241226876,21,27,3,1,2,84.1,-42,0,3,MYS,Asia,209661,4172286,746,11286,6396746,174761,127296,22.76,397,344,1.14,424,12936,4289,130857,,,5650,172381,6555646,76939,200012,2347,77821,2374,0.0536,18.7,people tested,,,,,,,,,,,,,,77.31,32776195,96254,29.9,6293,3407,26808164,0.1,260942,16.74,1,42.4,,1.9,76.16,0.81,,,,
1767,Malaysia,2021-08-22,2,21283.1350931281,6.49347341664525,6,2,11,3,4,84.59,-35,18773239,13289575,MYS,Asia,1555093,21456286,14168,236857,47445806,604311,654.63,432265,7078,7226,1.04,1452,44.3,13852,422624,,,15315,467.26,25030815,125901,763689,3841,158555,4838,0.1353,7.4,people tested,32026171,18735361,13290883,,465767,525783,97.71,57.16,40.55,,16042,185097,565,67.59,32776195,96254,29.9,6293,3407,26808164,0.1,260942,16.74,1,42.4,,1.9,76.16,0.81,,,,
1769,Malaysia,2022-03-05,3,28870.3762207923,8.80833672755251,30,25,13,3,5,77.05,-8,27190377,25558954,MYS,Asia,3595172,28571714,33173,77,109688.51,1019215,871722,1012106,2044,2349,1.08,372,11.35,7391,225499,,,12781,389948,52151893,148904,1591152,4543,191419,5.84,0.1493,6.7,people tested,67736494,27154598,25765905,15024346,70564,97410,206.66,82.85,78.61,45.84,2972,30409,93,54.17,32776195,96254,29.9,6293,3407,26808164,0.1,260942,16.74,1,42.4,,1.9,76.16,0.81,,,,
1869,Mexico,2021-01-20,1,16287.7555136769,1.2503821532964,21,27,3,1,2,85.54,-36,489628,11402,MEX,North America,1688944,16720429,144371,1064857,12965724,157743,128.36,1108311,11815,8175,1.09,,,,,,,,,4158986,46401,31928,356,38671,297,395,2.5,people tested,501030,489628,11402,,2908,44066,0.38,0.38,0.01,,338,42437,33,71.76,130262220,66444,29.3,6857,4321,17336469,2.5,152783,13.06,6.9,21.4,87847,1.38,75.05,779,,,,
1871,Mexico,2021-08-15,2,17872.0000679989,1.37200180282502,32,27,3,1,2,81.47,-2,54125533,29046598,MEX,North America,3091971,17164857,248167,535286,23736514,0,131772,1905134,0,4109,1.06,,,,,,,,,8951837,15386,68722,118,48947,376,0.39,2.6,people tested,76587422,53837225,29046598,,807193,704635,58.79,41.33,22.3,,5409,466520,358,67.13,130262220,66444,29.3,6857,4321,17336469,2.5,152783,13.06,6.9,21.4,87847,1.38,75.05,779,523874.3,41.86,89.36,4021.690249
1873,Mexico,2022-01-22,3,39479.9346858634,3.0308046865671,22,28,6,2,3,79.61,3,83529476,76432854,MEX,North America,4595589,35201,302721,198143,35279523,0,270232,2323936,0,1521,1.36,,,,,,,,,13698104,38952,105158,299,82030,0.63,689,1.5,people tested,,,,,,592574,,,,,4549,60748,47,38.89,130262220,66444,29.3,6857,4321,17336469,2.5,152783,13.06,6.9,21.4,87847,1.38,75.05,779,,,,
1951,Morocco,2020-11-12,1,4967.59802948965,1.33019851726284,32,27,3,1,2,54.86,-20,,,MAR,Africa,276821,5124286,4570,73,7412574,165887,137216,122373,1714,1955,1.11,,,,,,,,,3576692,23565,95775,631,20833,558,246,4.1,people tested,,,,,,,,,,,,,,66.2,37344787,80.08,29.6,6769,4209,7485013,1,419146,7.14,0.8,47.1,,1.1,76.68,686,,,,
1953,Morocco,2021-08-09,2,9006.72893097263,2.41177675775005,1,7,5,2,2,47.55,-3,15354231,11069848,MAR,Africa,701325,9628857,10404,74143,18779.73,135039,257837,278593,1848,1985,1.2,,,,,,,,,7320718,18852,196031,505,41129,1101,0.2341,4.3,people tested,26412218,15342370,11069848,,443423,307844,70.73,41.08,29.64,,8243,195531,524,59.26,37344787,80.08,29.6,6769,4209,7485013,1,419146,7.14,0.8,47.1,,1.1,76.68,686,,,,
1954,Morocco,2022-01-17,3,6698.63027310049,1.79372566058564,32,12,4,2,2,31.26,-3,24727353,23113322,MAR,Africa,1051830,6732,14994,11286,28165377,85072,180266,401502,482,302,1.29,,,,,,,,,,,,,28967,776,0.2324,4.3,people tested,,,,,,54615,,,,,1462,2927,8,68.52,37344787,80.08,29.6,6769,4209,7485013,1,419146,7.14,0.8,47.1,,1.1,76.68,686,,,,
2011,Netherlands,2022-02-06,1,96114.2833962525,55.9679481147966,7,3,31,9,12,43.02,-23,13518626,12339230,NLD,Europe,4979056,76755286,21413,8857,289933544,4519803,4469508,1246892,524,516,1.63,211,12287,1133,65975,105,6114,1238,72.09,26421826,121636,1538559,7083,139676,8133,607,1.6,tests performed,,,,,,29723,,,,,1731,2385,14,58.33,17173094,508544,43.2,18779,11881,48472545,,109361,5.29,24.4,27.3,,3.32,82.28,944,27657.1,8.38,-4.79,1610.490224
2289,Russia,2020-12-21,1,27795.9908990787,1.90498291491559,1,12,4,2,2,67.44,-11,48643,85052,RUS,Europe,2850042,27634429,50723,553857,19532606,198181,189391,347627,3297,3796,1.03,,,,,,,,,86704613,312930,594225,2145,459935,3152,0.0601,16.6,tests performed,,,,,,3357,,,,,23,3357,2,47.69,145912022,8823,39.6,14178,9393,24765954,0.1,431297,6.18,23.4,58.3,,8.05,72.58,824,,,,
2293,Russia,2022-02-12,2,177274.930516075,12.1494396476854,3,1,17,4,6,49.37,-14,78683904,70894990,RUS,Europe,13728138,184927857,332727,673286,94085037,1384087,1267393,2280326,4914,4614,1.2,,,,,,,,,,,,,967948,6634,0.1911,5.2,tests performed,157657205,77847010,70894990,11052808,245443,287121,108.05,53.35,48.59,7.57,1968,105506,72,40.28,145912022,8823,39.6,14178,9393,24765954,0.1,431297,6.18,23.4,58.3,,8.05,72.58,824,,,,
2563,South Africa,2020-07-16,1,11921.6002139536,1.98554362082726,1,12,4,2,2,81.31,-34,,,ZAF,Africa,324221,12268857,4669,135571,5399904,219.38,204338,77762,3597,2258,1.13,,,,,,,,,2324923,46796,38722,779,46336,772,0.2648,3.8,people tested,,,,,,,,,,,,,,80.56,60041996,46754,27.3,5344,3053,12294876,18.9,200.38,5.52,8.1,33.2,43993,2.32,64.13,709,,,,
2565,South Africa,2021-01-08,2,16694.3436809007,2.78044448770502,22,7,5,2,3,83.5,-34,0,2124,ZAF,Africa,1192570,16954714,32425,505429,19862264,366077,282381,540039,10259,8418,1.2,,,,,,,,,7043680,76202,117313,1269,54909,915,0.3088,3.2,people tested,,,,,,,,,,,,,,67.59,60041996,46754,27.3,5344,3053,12294876,18.9,200.38,5.52,8.1,33.2,43993,2.32,64.13,709,,,,
2567,South Africa,2021-07-05,3,18478.5257211827,3.07760017191679,22,28,6,2,3,84.84,-12,3466228,1208436,ZAF,Africa,2075409,19184286,62171,304714,34565956,208404,319514,1035459,5513,5075,1.15,,,,,,,,,13489570,39556,224669,659,68238,1137,0.2811,3.6,people tested,3466228,3466228,,,151950,96890,5.77,5.77,,,1614,96890,161,75,60041996,46754,27.3,5344,3053,12294876,18.9,200.38,5.52,8.1,33.2,43993,2.32,64.13,709,,,,
2569,South Africa,2021-12-14,4,19511.7575135724,3.24968502272516,22,28,6,2,3,73.54,11,18660904,15473473,ZAF,Africa,3204642,21917143,90172,24286,53373342,397339,365.03,1501815,0.4,404,1.42,,,,,,,,,20352343,68437,338968,1.14,73351,1222,0.2988,3.3,people tested,27298525,18530650,15473473,,109919,94176,45.47,30.86,25.77,,1569,68224,114,54.63,60041996,46754,27.3,5344,3053,12294876,18.9,200.38,5.52,8.1,33.2,43993,2.32,64.13,709,,,,
2570,South Africa,2022-05-10,5,6717.70838681161,1.11883495458939,21,6,3,1,2,53.07,27,21934550,18473107,ZAF,Africa,3852148,7135714,100559,26,64157561,125296,118845,1674811,433,433,1.24,,,,,,,,,24726029,32756,411812,546,28418,473,0.2511,4,people tested,35182056,21408366,18451136,2858722,53644,42128,58.6,35.66,30.73,4.76,702,14728,25,34.26,60041996,46754,27.3,5344,3053,12294876,18.9,200.38,5.52,8.1,33.2,43993,2.32,64.13,709,,,,
2618,Spain,2021-01-23,1,34491.4188730886,7.37859946189752,19,5,12,3,5,96.18,-47,794655,81032,ESP,Europe,2499560,35342286,55441,303857,53472002,0,756062,1186025,0,6.5,1.23,4089,87474,23946,512266,2301,49224,22107,472925,27242227,191328,582781,4093,250077,5.35,0.16,6.2,tests performed,,,,,,55680,,,,,1191,44565,95,71.3,46745211,93105,45.5,19436,13799,34272.36,1,99403,7.17,27.4,31.4,,2.97,83.56,904,,,,
2622,Spain,2022-01-14,2,128404.459944411,27.4690085246189,4,19,24,7,9,81.84,-23,40174355,37763893,ESP,Europe,8093036,132590,90759,117857,173130805,3476463,2836.44,1941568,2974,2521,1.27,2224,47577,15011,321124,1283,27447,14380,307625,78008022,385306,1668792,8243,344024,7.36,0.38,2.6,tests performed,,,,,,237859,,,,,5088,50412,108,46.76,46745211,93105,45.5,19436,13799,34272.36,1,99403,7.17,27.4,31.4,,2.97,83.56,904,,,,
2828,Turkey,2020-12-06,1,30754.8406628433,3.61639830859196,12,17,7,2,3,87.91,-38,0,0,TUR,Asia,828295,31523857,14900,191714,9739.75,357491,370683,175206,2293,2254,1.25,,,,,,,,,19651555,174761,231079,2055,182316,2144,0.1729,5.8,tests performed,,,,,,,,,,,,,,66.2,85042736,104914,31.6,8153,5061,25129341,0.2,171285,12.13,14.1,41.1,,2.81,77.69,0.82,,,,
2833,Turkey,2021-11-02,2,27044.0684408707,3.1800562532314,22,28,6,2,3,59.02,10,55602327,48846431,TUR,Asia,8091462,26050143,71052,213286,95145834,350365,306318,835486,2634,2508,1.01,,,,,,,,,97974085,361533,1152057,4251,353086,4152,0.0738,13.6,tests performed,116663497,55477173,48846431,12339893,177263,141272,137.18,65.23,57.44,14.51,1661,31519,37,51.85,85042736,104914,31.6,8153,5061,25129341,0.2,171285,12.13,14.1,41.1,,2.81,77.69,0.82,,,,
2834,Turkey,2022-02-05,3,97611.8866106566,11.4779805074306,20,18,16,4,6,60.69,5,57611844,52500475,TUR,Asia,12150567,101727286,88533,212571,142876012,1160769,1196.19,1041041,2599,2.5,1.12,,,,,,,,,133853067,421435,1573951,4956,445548,5239,0.2283,4.4,tests performed,142833393,57486690,52500475,32846228,97925,161370,167.95,67.6,61.73,38.62,1898,12037,14,58.33,85042736,104914,31.6,8153,5061,25129341,0.2,171285,12.13,14.1,41.1,,2.81,77.69,0.82,,,,
2883,United Kingdom,2021-01-06,1,54410.0451597549,7.977180380298,19,5,12,3,5,64.3,-54,0,391399,GBR,Europe,2839956,57724286,77409,686286,41637.24,914128,846309,1134911,15306,10062,1.15,2821,41359,31948,468397,,,25824,378612,51875174,552723,760554,8104,463586,6797,0.1245,8,tests performed,,,,,,,,,,,,,,87.96,68207114,272898,40.8,18517,12527,39753244,0.2,122137,4.28,20,24.7,,2.54,81.32,932,,,,
2887,United Kingdom,2022-01-03,2,162091.854405902,23.764655165721,15,29,23,6,8,51.79,-12,51980836,47482789,GBR,Europe,13451558,169661571,149006,125857,197216349,2757.44,2487447,2184611,616,1845,1.2,878,12873,16498,241881,,,16136,236574,397615859,1793027,5829536,26288,1551944,22753,0.1093,9.1,tests performed,133667427,51820652,47482789,34363986,190278,274900,195.97,75.98,69.62,50.38,4030,19872,29,48.61,68207114,272898,40.8,18517,12527,39753244,0.2,122137,4.28,20,24.7,,2.54,81.32,932,,,,
2894,United States,2021-01-07,1,234766.24607944,7.05183587089361,6,2,11,3,4,76.13,-34,10435663,1203892,USA,North America,21810277,231278857,370934,2842143,65513035,859811,694708,1114.2,12033,8537,1.1,28491,85.58,128819,386943,,,115039,345551,269307958,2262899,808939,6797,1630762,4898,144,6.9,tests performed,9882918,9061529,641530,2,1172202,602492,2.98,2.73,0.19,0,1815,505292,152,71.76,332915074,35608,38.3,15413,9732,54225446,1.2,151089,10.79,19.1,24.6,,2.77,78.86,926,,,,
2897,United States,2022-01-12,2,753970.294103647,22.6475264410421,26,14,22,6,8,49.37,-19,250672776,211488422,USA,North America,63437572,801061571,846569,1920429,190551816,2549.11,2406204,2542898,8.48,5769,1.22,25334,76097,149706,449682,,,149733,449763,754845383,2931461,2267381,8805,2530715,7602,284,3.5,tests performed,532628139,247512993,211528082,83845802,1297320,1207309,160.43,74.55,63.71,25.25,3636,312941,94,53.24,332915074,35608,38.3,15413,9732,54225446,1.2,151089,10.79,19.1,24.6,,2.77,78.86,926,,,,
2899,United States,2022-06-02,3,107038.415673498,3.21518681588741,22,28,6,2,3,19.35,-4,259570554,230527403,USA,North America,84582387,100796143,1008065,275714,254065957,364625,302768,3027994,0.94,828,1.11,2688,8074,24890,74764,,,28782,86454,899837610,739458,2702904,2221,479473,1.44,0.14,7.1,tests performed,589436718,258787420,221587410,118775795,342128,261778,177.54,77.95,66.74,35.77,788,35949,11,38.89,332915074,35608,38.3,15413,9732,54225446,1.2,151089,10.79,19.1,24.6,,2.77,78.86,926,,,,
2920,Uruguay,2021-05-28,1,3628.89270505608,10.4124374060474,28,15,15,4,6,86.36,-30,1771346,1009184,URY,South America,282198,3379714,4118,51143,80971504,523937,969747,1181584,14.92,14674,1.06,,,,,,,,,2206127,24544,633007,7042,18144,5206,0.1863,5.4,people tested,2776669,1767324,1009345,214,37252,30371,79.67,50.71,28.96,0.01,8714,26974,774,62.04,3485152,19751,35.6,14655,10361,20551409,0.1,160708,6.93,14,19.9,,2.8,77.91,817,,,,
2923,Uruguay,2022-01-23,2,10555.9027883183,30.2882135078134,24,10,26,7,9,71.71,-19,2824543,2655070,URY,South America,588995,10879143,6308,9286,169001237,2562012,3121569,1809964,1435,2664,1.24,,,,,,,,,5018294,25231,1439907,7.24,30987,8891,0.3511,2.8,people tested,7297483,2839358,2691443,1766682,9,20035,209.39,81.47,77.23,50.69,5749,5992,172,28.7,3485152,19751,35.6,14655,10361,20551409,0.1,160708,6.93,14,19.9,,2.8,77.91,817,,,,
