location,n_peak,peak_magnitude_norm,fd_jenks_clusters,sturges_jenks_clusters,scott_jenks_clusters,fd_agg_clusters,fd_km_clusters,fd_uniform_clusters,hosp_patients_norm,total_tests_norm,new_tests_norm,total_deaths_norm,mask_use,mobility,vaccination_1_dose,vaccination_full,reproduction_rate,positive_rate,tests_per_case,stringency_index,population_density,median_age,aged_65_older,aged_70_older,gdp_per_capita,extreme_poverty,cardiovasc_death_rate,diabetes_prevalence,female_smokers,male_smokers,handwashing_facilities,life_expectancy,human_development_index
Afghanistan,1,0.1740415049331738,1,1,1,18,21,1,,,,0.0760629457778136,44.98,-21.0,,,1.14,,,84.26,54422.0,18.6,2581.0,1337.0,1803987.0,,597029.0,9.59,,,37746.0,64.83,511.0
Afghanistan,2,0.0551973718051662,1,1,1,18,21,1,,,,0.4506039197068499,35.15,12.0,0.0,0.0,1.09,,,12.04,54422.0,18.6,2581.0,1337.0,1803987.0,,597029.0,9.59,,,37746.0,64.83,511.0
Afghanistan,3,0.4321865256413085,2,1,1,24,33,1,,,,1.0581033546319625,42.98,2.0,569954.0,182950.0,1.12,,,46.3,54422.0,18.6,2581.0,1337.0,1803987.0,,597029.0,9.59,,,37746.0,64.83,511.0
Afghanistan,4,0.0170358815239486,1,1,1,18,21,1,,,,1.933203780313343,29.93,41.0,5634177.0,4915547.0,1.27,,,11.11,54422.0,18.6,2581.0,1337.0,1803987.0,,597029.0,9.59,,,37746.0,64.83,511.0
Albania,1,2.6633265758305376,7,2,3,3,9,2,,0.6633880207481271,0.6832736150569417,3.209262725840552,60.91,-30.0,0.0,0.0,1.05,0.4091,2.4,65.74,104871.0,38.0,13188.0,8643.0,11803431.0,1.1,304195.0,10.08,7.1,51.2,,78.57,795.0
Albania,2,3.679074211506982,8,2,3,13,26,2,,1.3323626647879832,1.4243278822277154,5.280316220282122,54.94,-30.0,789.0,481.0,1.08,0.3109,3.2,60.19,104871.0,38.0,13188.0,8643.0,11803431.0,1.1,304195.0,10.08,7.1,51.2,,78.57,795.0
Albania,3,2.9989390905605835,7,2,3,3,9,2,,3.686941642237517,2.3432490965681776,8.799366779745027,23.22,6.0,881514.0,687854.0,1.12,0.1482,6.7,41.67,104871.0,38.0,13188.0,8643.0,11803431.0,1.1,304195.0,10.08,7.1,51.2,,78.57,795.0
Albania,4,6.754682027413787,12,3,4,12,1,4,,5.269578068970606,1.4006586994340977,11.385573076165342,28.95,-14.0,1193682.0,1081283.0,1.36,0.2812,3.6,43.52,104871.0,38.0,13188.0,8643.0,11803431.0,1.1,304195.0,10.08,7.1,51.2,,78.57,795.0
Algeria,1,0.1333938180587288,1,1,1,18,21,1,,,,0.2568549221987337,46.57,-21.0,,,1.09,,,74.07,17348.0,29.1,6211.0,3857.0,13913839.0,0.5,278364.0,6.73,0.7,30.4,83741.0,76.88,748.0
Algeria,2,0.2271556289256744,1,1,1,24,33,1,,,,0.514158107786994,46.8,-15.0,,,1.17,,,72.22,17348.0,29.1,6211.0,3857.0,13913839.0,0.5,278364.0,6.73,0.7,30.4,83741.0,76.88,748.0
Algeria,3,0.3094891727585116,2,1,1,24,33,1,,,,0.932611981910062,49.51,4.0,3002594.0,642284.0,1.2,,,49.07,17348.0,29.1,6211.0,3857.0,13913839.0,0.5,278364.0,6.73,0.7,30.4,83741.0,76.88,748.0
Algeria,4,0.3844999350918713,2,1,1,24,33,1,,,,1.4604421230776168,42.17,12.0,7335244.0,5906889.0,1.57,,,65.74,17348.0,29.1,6211.0,3857.0,13913839.0,0.5,278364.0,6.73,0.7,30.4,83741.0,76.88,748.0
Andorra,1,12.400548145453474,18,4,6,8,11,7,,,,8.9200299919849,57.47,-23.0,,,1.23,0.0813,12.3,59.26,163755.0,,,,,,109135.0,7.97,29.0,37.8,,83.73,868.0
Andorra,2,54.798979062332776,37,9,14,6,12,28,,36.33942653256457,,18.22788737492567,49.61,-23.0,57602.0,52573.0,1.14,583.0,1.7,44.44,163755.0,,,,,,109135.0,7.97,29.0,37.8,,83.73,868.0
Andorra,3,8.021033074264096,13,3,5,2,17,5,,,,19.779196938749127,39.7,-7.0,57968.0,54490.0,0.58,,,8.33,163755.0,,,,,,109135.0,7.97,29.0,37.8,,83.73,868.0
Angola,1,0.0706306400756936,1,1,1,18,21,1,,,,0.0798618219558183,78.38,-13.0,,,1.11,,,65.74,23.89,16.8,2405.0,1362.0,5819495.0,,276045.0,3.94,,,26664.0,61.15,581.0
Angola,2,0.079624775140516,1,1,1,18,21,1,,,,0.2051063766835778,80.01,2.0,614519.0,92327.0,1.05,,,33.33,23.89,16.8,2405.0,1362.0,5819495.0,,276045.0,3.94,,,26664.0,61.15,581.0
Angola,3,0.1368034401765491,1,1,1,18,21,1,,,,0.4529432485095677,72.78,30.0,2410995.0,1074811.0,1.21,,,63.89,23.89,16.8,2405.0,1362.0,5819495.0,,276045.0,3.94,,,26664.0,61.15,581.0
Angola,4,0.374563403382988,2,1,1,24,33,1,,,,0.5198385753876886,65.54,85.0,7723572.0,3929727.0,2.0,,,73.15,23.89,16.8,2405.0,1362.0,5819495.0,,276045.0,3.94,,,26664.0,61.15,581.0
Argentina,1,3.079153452677962,7,2,3,3,9,2,,0.6451143311239006,0.3876259397840491,5.759571535415555,88.29,-35.0,,,1.06,391.0,2.6,82.87,16177.0,31.9,11198.0,7441.0,18933907.0,0.6,191032.0,5.5,16.2,27.7,,76.67,845.0
Argentina,2,2.3957146809917016,6,2,2,14,31,2,,1.2360072966998097,1.157988092880157,9.83383196483484,84.21,-30.0,420958.0,25398.0,1.11,213.0,4.7,79.17,16177.0,31.9,11198.0,7441.0,18933907.0,0.6,191032.0,5.5,16.2,27.7,,76.67,845.0
Argentina,3,6.787912564795728,12,3,4,12,1,4,,3.072396698114624,2.529501550712066,16.574199307838388,87.84,-43.0,9738487.0,2652367.0,1.08,284.0,3.5,81.48,16177.0,31.9,11198.0,7441.0,18933907.0,0.6,191032.0,5.5,16.2,27.7,,76.67,845.0
Argentina,4,23.504981330989462,25,6,9,34,4,12,,6.909861049980393,2.6752066287675587,25.87147698222659,73.64,-11.0,35916165.0,33761195.0,1.29,618.0,1.6,49.07,16177.0,31.9,11198.0,7441.0,18933907.0,0.6,191032.0,5.5,16.2,27.7,,76.67,845.0
Argentina,5,1.494742058070806,4,1,2,35,39,1,,7.98542523835169,0.1920807349535168,28.26152265687651,51.65,14.0,35916165.0,33761195.0,-0.02,303.0,3.3,,16177.0,31.9,11198.0,7441.0,18933907.0,0.6,191032.0,5.5,16.2,27.7,,76.67,845.0
Armenia,1,1.9609003000998573,5,2,2,14,31,1,,0.3678176951937383,0.6957247126808548,1.418402440865084,74.56,-17.0,,,1.1,326.0,3.1,,102931.0,35.7,11232.0,7571.0,8787.58,1.8,341.01,7.11,1.5,52.1,94043.0,75.09,776.0
Armenia,2,6.786332296595901,12,3,4,12,1,4,,1.374536408133342,1.8166332449274425,4.517999223753153,66.65,-14.0,,,1.16,471.0,2.1,,102931.0,35.7,11232.0,7571.0,8787.58,1.8,341.01,7.11,1.5,52.1,94043.0,75.09,776.0
Armenia,3,3.061512344098991,7,2,3,3,9,2,,2.8766582842788453,2.140743256355521,11.781836901912586,45.88,-14.0,0.0,0.0,1.1,177.0,5.6,,102931.0,35.7,11232.0,7571.0,8787.58,1.8,341.01,7.11,1.5,52.1,94043.0,75.09,776.0
Armenia,4,6.247237793823312,11,3,4,7,35,4,,6.850685010889018,4.614356254177717,20.59210384457813,40.09,-3.0,526399.0,223123.0,1.14,129.0,7.8,,102931.0,35.7,11232.0,7571.0,8787.58,1.8,341.01,7.11,1.5,52.1,94043.0,75.09,776.0
Armenia,5,9.4714884851344,15,4,5,19,30,5,,9.342373374733166,2.984035728917352,27.205700023718656,32.4,-8.0,1053086.0,854190.0,1.49,417.0,2.4,,102931.0,35.7,11232.0,7571.0,8787.58,1.8,341.01,7.11,1.5,52.1,94043.0,75.09,776.0
Australia,1,35.10774609389478,31,8,11,38,19,18,1.6274874684046592,22.43287855069624,11.202674461751272,0.977966022234108,59.31,-24.0,20942117.0,19685590.0,1.54,0.264,3.8,40.28,3.202,37.9,15.504,10.129,44648.71,0.5,107.791,5.07,13.0,16.5,,83.44,0.944
Australia,2,21.624862649712423,24,6,9,25,25,11,0.9822315362089592,25.804890659947525,5.032181945731262,2.3297461782642825,22.37,-11.0,22304774.0,20966488.0,1.09,0.187,5.3,48.61,3.202,37.9,15.504,10.129,44648.71,0.5,107.791,5.07,13.0,16.5,,83.44,0.944
Australia,3,18.953466326695715,22,6,8,10,15,10,1.158668705168721,27.346699851331326,3.4500640350591123,3.022310538181061,20.17,-6.0,22304774.0,20966488.0,1.09,0.199,5.0,43.06,3.202,37.9,15.504,10.129,44648.71,0.5,107.791,5.07,13.0,16.5,,83.44,0.944
Austria,1,7.2689059500196835,12,3,4,12,1,4,4.214275856700024,2.8479315436170367,4.227103356027686,2.33106625713032,58.28,-31.0,,,1.22,,,75.0,106749.0,44.4,19202.0,13748.0,45436686.0,0.7,145183.0,6.35,28.4,30.9,,81.54,922.0
Austria,2,3.404234384508737,8,2,3,13,26,2,2.392992115953517,24.38451667751844,53.70210477147589,12.428298702034,52.21,-28.0,1191356.0,440147.0,1.07,0.01,100.2,73.15,106749.0,44.4,19202.0,13748.0,45436686.0,0.7,145183.0,6.35,28.4,30.9,,81.54,922.0
Austria,3,14.157044012320153,19,5,7,17,32,8,3.175911902503928,117.55739753039676,47.61070131919772,16.306405610836674,43.74,-14.0,6327506.0,5823533.0,1.23,0.0279,35.8,59.26,106749.0,44.4,19202.0,13748.0,45436686.0,0.7,145183.0,6.35,28.4,30.9,,81.54,922.0
Austria,4,47.70211738381006,34,9,13,9,2,24,3.3981815029229003,186.98735783592124,84.99268832538323,20.366972639386265,30.5,-6.0,6816595.0,6407600.0,1.16,0.0759,13.2,,106749.0,44.4,19202.0,13748.0,45436686.0,0.7,145183.0,6.35,28.4,30.9,,81.54,922.0
Azerbaijan,1,0.5306914150396074,2,1,1,24,33,1,,,,0.2298660790441953,60.11,-19.0,,,1.08,,,96.3,119309.0,32.4,6018.0,3871.0,15847419.0,,559812.0,7.11,0.3,42.5,83241.0,73.0,756.0
Azerbaijan,2,3.9818463886011073,8,2,3,13,26,2,,,,1.675576993203007,81.14,-21.0,0.0,0.0,1.1,,,74.54,119309.0,32.4,6018.0,3871.0,15847419.0,,559812.0,7.11,0.3,42.5,83241.0,73.0,756.0
Azerbaijan,3,2.087454460688039,6,2,2,14,31,2,,,,3.7619784681020234,74.69,-9.0,706433.0,405289.0,1.15,,,72.22,119309.0,32.4,6018.0,3871.0,15847419.0,,559812.0,7.11,0.3,42.5,83241.0,73.0,756.0
Azerbaijan,4,3.520735227200327,8,2,3,13,26,2,,4.299616642069366,1.578348532534951,5.349521643798742,45.11,-9.0,3954040.0,2564353.0,1.18,0.1958,5.1,61.11,119309.0,32.4,6018.0,3871.0,15847419.0,,559812.0,7.11,0.3,42.5,83241.0,73.0,756.0
Azerbaijan,5,2.098687773189692,6,2,2,14,31,2,,5.100665692164911,1.1629267292580587,6.976190960609365,49.6,-4.0,5020170.0,4414295.0,1.08,0.1757,5.7,76.85,119309.0,32.4,6018.0,3871.0,15847419.0,,559812.0,7.11,0.3,42.5,83241.0,73.0,756.0
Azerbaijan,6,5.959266301862052,11,3,4,7,35,3,,,,8.725129468400945,57.57,-6.0,5276671.0,4754599.0,1.34,346.0,2.9,79.63,119309.0,32.4,6018.0,3871.0,15847419.0,,559812.0,7.11,0.3,42.5,83241.0,73.0,756.0
Bahamas,1,2.416855973370718,6,2,2,14,31,2,,,,2.8721587044044807,44.89,-56.0,,,1.05,,,71.76,39497.0,34.3,8996.0,5.2,27717847.0,,235954.0,13.17,3.1,20.4,,73.92,814.0
Bahamas,2,1.4537685814136894,4,1,2,35,39,1,,,,4.988486170807781,66.25,-24.0,25151.0,3804.0,1.25,,,59.72,39497.0,34.3,8996.0,5.2,27717847.0,,235954.0,13.17,3.1,20.4,,73.92,814.0
Bahamas,3,2.9843545782645107,7,2,3,3,9,2,,,,8.31414361801297,71.52,-17.0,74271.0,55291.0,1.15,,,55.56,39497.0,34.3,8996.0,5.2,27717847.0,,235954.0,13.17,3.1,20.4,,73.92,814.0
Bahamas,4,9.83904375404042,15,4,5,19,30,5,,,,18.06436658822818,46.67,-12.0,159027.0,149486.0,1.31,0.3452,2.9,48.15,39497.0,34.3,8996.0,5.2,27717847.0,,235954.0,13.17,3.1,20.4,,73.92,814.0
Bahamas,5,1.391578467188396,4,1,2,35,39,1,,,,20.407443426031836,40.39,6.0,166781.0,156774.0,1.19,217.0,4.6,44.44,39497.0,34.3,8996.0,5.2,27717847.0,,235954.0,13.17,3.1,20.4,,73.92,814.0
Bahrain,1,3.899273518094103,8,2,3,13,26,2,,7.166399263282226,,1.2183298585193003,59.56,-20.0,,,1.14,0.0708,14.1,60.19,1935907.0,32.4,2372.0,1387.0,43290705.0,,151689.0,16.52,5.8,37.6,,77.29,852.0
Bahrain,2,14.773595278042835,19,5,7,17,32,8,,25.79359318650457,11.411689674797444,4.953397452947014,72.69,-16.0,890450.0,732710.0,1.21,0.1409,7.1,53.7,1935907.0,32.4,2372.0,1387.0,43290705.0,,151689.0,16.52,5.8,37.6,,77.29,852.0
Bahrain,3,38.60514561430725,32,8,11,5,8,20,,50.75599369671594,19.23588410422726,8.065000471888325,65.71,-5.0,1227732.0,1154068.0,1.26,0.2439,4.1,50.93,1935907.0,32.4,2372.0,1387.0,43290705.0,,151689.0,16.52,5.8,37.6,,77.29,852.0
Bangladesh,1,0.216552471276687,1,1,1,24,21,1,,0.0419580480972937,0.1112303749913997,0.099877636966545,68.04,-48.0,,,1.09,218.0,4.6,74.54,1265036.0,27.5,5098.0,3262.0,3523984.0,14.8,298003.0,8.38,1.0,44.7,34808.0,72.59,632.0
Bangladesh,2,0.3753462748298776,2,1,1,24,33,1,,0.2936739260571398,0.2082337488351267,0.5680578184364545,65.07,-24.0,5568703.0,80178.0,1.26,0.2258,4.4,83.33,1265036.0,27.5,5098.0,3262.0,3523984.0,14.8,298003.0,8.38,1.0,44.7,34808.0,72.59,632.0
Bangladesh,3,0.7729542854151519,3,1,1,11,3,1,,0.4685264159272564,0.2978229669666472,1.2577005748297747,65.01,-39.0,8803650.0,4338165.0,1.15,0.2975,3.4,93.52,1265036.0,27.5,5098.0,3262.0,3523984.0,14.8,298003.0,8.38,1.0,44.7,34808.0,72.59,632.0
Bangladesh,4,0.7458312185285356,3,1,1,11,3,1,,0.7431172793038252,0.2782142388421497,1.7021891313961208,52.1,28.0,97841338.0,60963557.0,1.35,0.3174,3.2,68.52,1265036.0,27.5,5098.0,3262.0,3523984.0,14.8,298003.0,8.38,1.0,44.7,34808.0,72.59,632.0
Barbados,1,2.552507010824784,6,2,2,3,31,2,,,,0.8689365606795779,29.0,-75.0,6683.0,221.0,1.19,,,74.07,664463.0,39.8,14952.0,9473.0,16978068.0,,170.05,13.57,1.9,14.5,88469.0,79.19,814.0
Barbados,2,11.890308165521848,17,4,6,29,11,6,,,,5.178861901650285,57.69,-14.0,148451.0,124043.0,1.07,,,67.59,664463.0,39.8,14952.0,9473.0,16978068.0,,170.05,13.57,1.9,14.5,88469.0,79.19,814.0
Barbados,3,22.07478952057329,24,6,9,25,25,12,,,,9.627817092329725,57.69,-2.0,159002.0,146993.0,1.1,,,62.04,664463.0,39.8,14952.0,9473.0,16978068.0,,170.05,13.57,1.9,14.5,88469.0,79.19,814.0
Barbados,4,15.230449941793797,20,5,7,4,10,8,,22.93651897062299,,14.07677228300916,57.69,2.0,162176.0,152234.0,1.03,0.3244,3.1,43.52,664463.0,39.8,14952.0,9473.0,16978068.0,,170.05,13.57,1.9,14.5,88469.0,79.19,814.0
Belarus,1,2.00733737661007,5,2,2,14,31,1,,,,1.393644536135053,68.93,-15.0,0.0,0.0,1.02,0.0817,12.2,37.04,46858.0,40.3,14799.0,9788.0,17167967.0,,443129.0,5.18,10.5,46.1,,74.79,823.0
Belarus,2,2.1434508214041563,6,2,2,14,31,2,,,,4.6934898055855285,70.02,-11.0,2656545.0,1904108.0,1.01,0.0577,17.3,19.44,46858.0,40.3,14799.0,9788.0,17167967.0,,443129.0,5.18,10.5,46.1,,74.79,823.0
Belarus,3,7.695949448539485,13,3,5,2,17,4,,,,6.621929547456297,46.67,-15.0,5465447.0,4497626.0,1.28,0.2739,3.7,23.15,46858.0,40.3,14799.0,9788.0,17167967.0,,443129.0,5.18,10.5,46.1,,74.79,823.0
Belgium,1,12.696715599608298,18,4,6,8,11,7,4.769464150530753,4.083226117819519,6.1445966046023095,9.489067284347234,72.32,-37.0,,,1.24,269.0,3.7,54.63,375564.0,41.8,18571.0,12849.0,42658576.0,0.2,114898.0,4.29,25.1,31.4,,81.63,931.0
Belgium,2,8.881474625958813,14,4,5,30,20,5,2.226552298102857,28.008415164145045,4.097200097590045,26.33607322485754,12.41,-10.0,9268961.0,8712824.0,1.17,302.0,3.3,23.15,375564.0,41.8,18571.0,12849.0,42658576.0,0.2,114898.0,4.29,25.1,31.4,,81.63,931.0
Belize,1,5.779477420211649,11,3,4,7,35,3,,,,4.272501636145858,,,,,0.86,,,72.22,16426.0,25.0,3853.0,2279.0,7824362.0,,176957.0,17.11,,,90083.0,74.62,716.0
Belize,2,5.826843572823852,11,3,4,7,35,3,,,,11.385105515972487,53.98,-11.0,211549.0,157364.0,1.2,0.1644,6.1,70.37,16426.0,25.0,3853.0,2279.0,7824362.0,,176957.0,17.11,,,90083.0,74.62,716.0
Belize,3,17.396708736489412,21,5,8,21,22,9,,,,15.08958670338219,64.64,-2.0,231999.0,201830.0,1.31,0.2582,3.9,72.22,16426.0,25.0,3853.0,2279.0,7824362.0,,176957.0,17.11,,,90083.0,74.62,716.0
Benin,1,0.0605621033195416,1,1,1,18,21,1,,,,0.0449761951440005,54.64,-21.0,0.0,0.0,0.8,,,30.56,99.11,18.8,3244.0,1942.0,2064236.0,49.6,235848.0,0.99,0.6,12.3,11035.0,61.77,545.0
Benin,2,0.3593630458293663,2,1,1,24,33,1,,,,0.1084247561507155,52.57,1.0,128417.0,94718.0,0.49,,,44.44,99.11,18.8,3244.0,1942.0,2064236.0,49.6,235848.0,0.99,0.6,12.3,11035.0,61.77,545.0
Bolivia,1,1.2696781354985611,4,1,2,35,39,1,,0.1301849346603412,0.2973902673013696,2.589382719554978,83.71,-54.0,,,1.02,0.5453,1.8,89.81,10202.0,25.4,6704.0,4393.0,6885829.0,7.1,204299.0,6.89,,,25383.0,71.51,718.0
Bolivia,2,1.7470968024651448,5,1,2,39,16,1,,0.4342709197446854,0.3066018442084027,8.438311506121558,82.23,-32.0,0.0,0.0,1.1,0.4008,2.5,30.56,10202.0,25.4,6704.0,4393.0,6885829.0,7.1,204299.0,6.89,,,25383.0,71.51,718.0
Bolivia,3,2.3348959916149803,6,2,2,14,31,2,1.9952782639912867,1.2273378306111011,1.2106040292958569,12.14998543049671,81.48,-14.0,1271262.0,345396.0,1.11,252.0,4.0,27.78,10202.0,25.4,6704.0,4393.0,6885829.0,7.1,204299.0,6.89,,,25383.0,71.51,718.0
Bolivia,4,8.248153638038522,14,3,5,2,20,5,1.5423053078289275,2.8353622465295176,2.5118871597040666,17.02789569723017,73.48,7.0,6406691.0,4903383.0,1.19,0.4633,2.2,29.63,10202.0,25.4,6704.0,4393.0,6885829.0,7.1,204299.0,6.89,,,25383.0,71.51,718.0
Bosnia and Herzegovina,1,4.648026554103974,9,2,3,23,13,3,,1.0023199310915196,1.365422393846529,4.1612289291821964,47.53,-16.0,,,1.21,0.4531,2.2,42.59,68496.0,42.5,16569.0,10711.0,11713895.0,0.2,329635.0,10.08,30.2,47.7,97164.0,77.4,0.78
Bosnia and Herzegovina,2,4.690917620786442,9,2,3,23,13,3,,,,19.05953161967103,45.86,-30.0,0.0,10000.0,1.17,0.3301,3.0,42.59,68496.0,42.5,16569.0,10711.0,11713895.0,0.2,329635.0,10.08,30.2,47.7,97164.0,77.4,0.78
Bosnia and Herzegovina,3,6.823028294266789,12,3,4,12,1,4,,,,42.629614773772246,23.98,-22.0,935118.0,831493.0,1.31,,,35.19,68496.0,42.5,16569.0,10711.0,11713895.0,0.2,329635.0,10.08,30.2,47.7,97164.0,77.4,0.78
Botswana,1,8.478741399677295,14,3,5,2,20,5,,6.435479968630592,,7.108174400560645,71.42,31.0,243894.0,132466.0,1.26,0.5721,1.7,53.7,4044.0,25.8,3941.0,2242.0,15807374.0,,237372.0,4.81,5.7,34.4,,69.59,735.0
Botswana,2,12.78611111682927,18,4,6,8,11,7,,,,11.204551901353222,59.99,77.0,1461583.0,1323270.0,0.17,,,13.89,4044.0,25.8,3941.0,2242.0,15807374.0,,237372.0,4.81,5.7,34.4,,69.59,735.0
Brazil,1,2.084654017894408,6,2,2,14,31,2,,,,4.217839555185245,70.11,-30.0,,,1.07,,,72.69,25.04,33.5,8552.0,5.06,14103452.0,3.4,177961.0,8.11,10.1,17.9,,75.88,765.0
Brazil,2,3.474290504972323,8,2,3,13,26,2,,1.8006771057997053,0.5547553207483589,13.828741601477402,68.11,-40.0,12314847.0,4252255.0,1.06,,,70.83,25.04,33.5,8552.0,5.06,14103452.0,3.4,177961.0,8.11,10.1,17.9,,75.88,765.0
Brazil,3,8.168568446475282,13,3,5,2,20,5,,,,29.293888498199344,59.28,0.0,169844640.0,149779557.0,1.29,,,61.57,25.04,33.5,8552.0,5.06,14103452.0,3.4,177961.0,8.11,10.1,17.9,,75.88,765.0
Bulgaria,1,4.751464893504156,9,2,3,23,13,3,7.490587828447269,1.2381364589065278,0.9352359948409772,3.088453750405088,56.81,-19.0,,,1.12,0.3809,2.6,48.15,65.18,44.7,20801.0,13272.0,18563307.0,1.5,424688.0,5.81,30.1,44.4,,75.05,816.0
Bulgaria,2,5.152360672814024,10,3,4,31,24,3,12.94395616425644,,,17.998580471257444,57.11,-27.0,321332.0,79977.0,1.13,232.0,4.3,61.11,65.18,44.7,20801.0,13272.0,18563307.0,1.5,424688.0,5.81,30.1,44.4,,75.05,816.0
Bulgaria,3,6.498567727546485,12,3,4,12,35,4,10.690689906918644,,,34.39058500098961,47.06,-8.0,1662785.0,1491628.0,1.17,0.1373,7.3,50.0,65.18,44.7,20801.0,13272.0,18563307.0,1.5,424688.0,5.81,30.1,44.4,,75.05,816.0
Bulgaria,4,12.281637816007963,18,4,6,8,11,7,7.72403433258587,,,47.65933630143888,46.8,-17.0,2205988.0,1980511.0,1.17,0.2887,3.5,50.0,65.18,44.7,20801.0,13272.0,18563307.0,1.5,424688.0,5.81,30.1,44.4,,75.05,816.0
Burkina Faso,1,0.0740209459265592,1,1,1,18,21,1,,,,0.0353536107689331,33.52,13.0,0.0,0.0,1.33,,,13.89,70151.0,17.6,2409.0,1358.0,1703102.0,43.7,269048.0,2.42,1.6,23.9,11877.0,61.58,452.0
Burkina Faso,2,0.0776314673205033,1,1,1,18,21,1,,,,0.1549046366586149,14.16,39.0,1185689.0,736162.0,0.39,,,13.89,70151.0,17.6,2409.0,1358.0,1703102.0,43.7,269048.0,2.42,1.6,23.9,11877.0,61.58,452.0
Cambodia,1,0.3811390967076477,2,1,1,24,33,1,,0.6924242404572617,0.3413695119318823,0.1392622382297739,79.8,-34.0,2688014.0,2094573.0,1.09,0.1043,9.6,66.2,90672.0,25.6,4412.0,2385.0,3645.07,,270892.0,4.0,2.0,33.7,66229.0,69.82,594.0
Cambodia,2,0.4060510110620834,2,1,1,24,33,1,,,,1.271062970961581,77.04,-35.0,12702596.0,10624382.0,1.02,0.1887,5.3,69.44,90672.0,25.6,4412.0,2385.0,3645.07,,270892.0,4.0,2.0,33.7,66229.0,69.82,594.0
Cambodia,3,0.2691050873836567,2,1,1,24,33,1,,1.6797722661140868,0.1377279932323273,1.7832647624168514,62.43,-16.0,14437616.0,13571359.0,1.37,0.1761,5.7,29.63,90672.0,25.6,4412.0,2385.0,3645.07,,270892.0,4.0,2.0,33.7,66229.0,69.82,594.0
Cameroon,1,0.4245236390189089,2,1,1,24,33,1,,,,0.2648372984362257,31.6,2.0,0.0,0.0,0.39,,,35.19,50885.0,18.8,3165.0,1919.0,3364926.0,23.8,244661.0,7.2,,,2735.0,59.29,563.0
Cameroon,2,0.2369174948281353,1,1,1,24,33,1,,,,0.5359190269326677,25.88,20.0,386982.0,84408.0,0.54,,,38.89,50885.0,18.8,3165.0,1919.0,3364926.0,23.8,244661.0,7.2,,,2735.0,59.29,563.0
Cameroon,3,0.1372461868376281,1,1,1,18,21,1,,,,0.685785348377855,23.74,33.0,903977.0,697097.0,0.43,,,30.56,50885.0,18.8,3165.0,1919.0,3364926.0,23.8,244661.0,7.2,,,2735.0,59.29,563.0
Canada,1,2.0189115855197555,5,2,2,14,31,2,1.1708022974624326,4.863450223814477,2.1915832370427037,4.573405429396668,84.92,-48.0,156677.0,6.0,1.07,0.0739,13.5,72.69,4037.0,41.4,16984.0,10797.0,44017591.0,0.5,105599.0,7.37,12.0,16.6,,82.43,929.0
Canada,2,2.226176049409764,6,2,2,14,31,2,0.989284597766103,7.748898396400139,3.5156116911373627,6.40014071693397,80.28,-33.0,8402488.0,900049.0,1.11,0.0674,14.8,75.46,4037.0,41.4,16984.0,10797.0,44017591.0,0.5,105599.0,7.37,12.0,16.6,,82.43,929.0
Canada,3,1.1335227577068043,4,1,2,11,39,1,0.5584755854622238,11.025970612048,2.9445270614125865,7.230498819307484,65.7,-15.0,28678189.0,26352475.0,1.1,0.0478,20.9,72.69,4037.0,41.4,16984.0,10797.0,44017591.0,0.5,105599.0,7.37,12.0,16.6,,82.43,929.0
Canada,4,9.830638405093811,15,4,5,19,30,5,1.3352452497198888,14.06105845623846,3.619242273670217,8.131520107235717,79.61,-25.0,31889685.0,29467043.0,1.27,0.2451,4.1,78.24,4037.0,41.4,16984.0,10797.0,44017591.0,0.5,105599.0,7.37,12.0,16.6,,82.43,929.0
Canada,5,3.2289550535212688,7,2,3,3,9,2,1.4962732524895703,15.827273220888154,0.1962545201781878,10.085133902664955,44.37,-19.0,33361793.0,31243831.0,0.86,0.3126,3.2,42.59,4037.0,41.4,16984.0,10797.0,44017591.0,0.5,105599.0,7.37,12.0,16.6,,82.43,929.0
Cape Verde,1,1.739437827060233,5,1,2,39,16,1,,,0.9983965146885306,1.3703481574156302,70.2,-43.0,,,1.07,0.2074,4.8,68.52,135.58,25.7,4.46,3437.0,6222554.0,,182219.0,2.42,2.1,16.5,,72.98,665.0
Cape Verde,2,5.055753633974135,10,3,4,31,24,3,,,,3.8618902618076847,61.5,-40.0,14618.0,2015.0,1.11,,,59.26,135.58,25.7,4.46,3437.0,6222554.0,,182219.0,2.42,2.1,16.5,,72.98,665.0
Cape Verde,3,14.662034009896352,19,5,7,17,32,8,,,,6.371229095516826,45.43,-9.0,317822.0,260298.0,1.83,,,62.96,135.58,25.7,4.46,3437.0,6222554.0,,182219.0,2.42,2.1,16.5,,72.98,665.0
Central African Republic,1,0.6123631842179481,3,1,1,11,3,1,,,,0.1991875181784017,70.19,12.0,95377.0,6700.0,0.12,,,24.07,7479.0,18.3,3655.0,2251.0,661.24,,435727.0,6.1,,,16603.0,53.28,397.0
Central African Republic,2,0.1620882200063731,1,1,1,18,21,1,,0.1608540835575378,,0.2195127751353814,70.28,20.0,619991.0,487076.0,0.51,,,18.52,7479.0,18.3,3655.0,2251.0,661.24,,435727.0,6.1,,,16603.0,53.28,397.0
Chad,1,0.0151365454360843,1,1,1,18,21,1,,,,0.0248300545344852,69.1,-23.0,,,1.12,,,87.04,11833.0,16.7,2486.0,1446.0,1768153.0,38.4,280995.0,6.1,,,5818.0,54.24,398.0
Chad,2,0.0284289717824975,1,1,1,18,21,1,,,,0.0638487116601049,57.87,-5.0,0.0,0.0,1.18,,,74.07,11833.0,16.7,2486.0,1446.0,1768153.0,38.4,280995.0,6.1,,,5818.0,54.24,398.0
Chad,3,0.0259664545949477,1,1,1,18,21,1,,,,0.1070057112081388,25.16,29.0,195340.0,75584.0,0.04,,,22.22,11833.0,16.7,2486.0,1446.0,1768153.0,38.4,280995.0,6.1,,,5818.0,54.24,398.0
Chile,1,3.128772034290374,7,2,3,3,9,2,,0.3647391195314766,1.106839440147963,0.8520555671395323,93.15,-60.0,,,1.15,0.3429,2.9,78.24,24282.0,35.4,11087.0,6938.0,22767037.0,1.3,127993.0,8.46,34.2,41.5,,80.18,851.0
Chile,2,3.6565570532749856,8,2,3,13,26,2,,6.112643515669754,4.054628993561542,12.548170807941265,94.08,-42.0,7428664.0,4662181.0,1.05,0.1224,8.2,81.94,24282.0,35.4,11087.0,6938.0,22767037.0,1.3,127993.0,8.46,34.2,41.5,,80.18,851.0
Chile,3,17.866360269085966,21,5,8,21,22,9,,16.088869239503193,6.745917029878991,20.962024346616,87.27,1.0,16869348.0,15857187.0,1.14,0.2829,3.5,30.09,24282.0,35.4,11087.0,6938.0,22767037.0,1.3,127993.0,8.46,34.2,41.5,,80.18,851.0
Chile,4,4.465693984431576,9,2,3,23,13,3,,20.15303480123891,2.6178977889340205,30.184211602925245,77.29,20.0,16869348.0,15857187.0,1.22,0.1368,7.3,27.31,24282.0,35.4,11087.0,6938.0,22767037.0,1.3,127993.0,8.46,34.2,41.5,,80.18,851.0
China,1,0.0240311732450382,1,1,1,18,21,1,,,,0.0070003374051842,68.18,-80.0,,,1.37,,,75.46,147674.0,38.7,10641.0,5929.0,15308712.0,0.7,261899.0,9.74,1.9,48.4,,76.91,761.0
China,2,0.162081489931783,1,1,1,18,21,1,,,,0.0321143075027147,58.68,-60.0,1292981862.0,1215402950.0,1.13,,,79.17,147674.0,38.7,10641.0,5929.0,15308712.0,0.7,261899.0,9.74,1.9,48.4,,76.91,761.0
Colombia,1,3.2116824399312405,7,2,3,3,9,2,,1.7505428224614514,1.6916137199426808,9.337211497222878,87.22,-32.0,0.0,0.0,1.11,289.0,3.5,81.02,44223.0,32.2,7646.0,4312.0,13254949.0,4.5,124.24,7.44,4.7,13.5,65386.0,77.29,767.0
Colombia,2,5.675551814542787,11,3,4,7,24,3,,3.752744834518564,2.328587567694442,20.020348442152734,83.26,3.0,10952297.0,5566656.0,1.06,331.0,3.0,59.26,44223.0,32.2,7646.0,4312.0,13254949.0,4.5,124.24,7.44,4.7,13.5,65386.0,77.29,767.0
Colombia,3,5.534888232119161,10,3,4,7,24,3,,6.033030453943007,1.085908256142721,25.52576870825156,72.47,19.0,39380312.0,29932016.0,1.34,381.0,2.6,62.04,44223.0,32.2,7646.0,4312.0,13254949.0,4.5,124.24,7.44,4.7,13.5,65386.0,77.29,767.0
Congo,1,0.1388353848725195,1,1,1,18,21,1,,,,0.0848503725550055,53.24,-20.0,,,0.79,,,73.15,15405.0,19.0,3402.0,2063.0,4881406.0,37.0,344094.0,7.2,1.7,52.3,47964.0,64.57,574.0
Congo,2,0.2216412896156419,1,1,1,24,21,1,,,,0.4224841466801319,34.06,18.0,296728.0,120492.0,0.88,,,35.19,15405.0,19.0,3402.0,2063.0,4881406.0,37.0,344094.0,7.2,1.7,52.3,47964.0,64.57,574.0
Congo,3,0.3142212481394894,2,1,1,24,33,1,,,,0.6522872390166055,34.73,21.0,632936.0,593287.0,0.62,,,51.85,15405.0,19.0,3402.0,2063.0,4881406.0,37.0,344094.0,7.2,1.7,52.3,47964.0,64.57,574.0
Costa Rica,1,4.479144078169849,9,2,3,23,13,3,,3.513186184302828,1.5463938589463857,11.459309721071175,84.05,-24.0,3186909.0,1806341.0,1.07,0.27,3.7,54.63,96079.0,33.6,9468.0,5694.0,15524995.0,1.3,137973.0,8.78,6.4,17.4,83841.0,80.28,0.81
Costa Rica,2,10.943994423843906,16,4,6,1,36,6,,5.069778420265369,2.004260318000223,14.658342694656,78.34,-13.0,4059525.0,3672941.0,1.21,388.0,2.6,50.0,96079.0,33.6,9468.0,5694.0,15524995.0,1.3,137973.0,8.78,6.4,17.4,83841.0,80.28,0.81
Costa Rica,3,3.5499392252082047,8,2,3,13,26,2,,7.008499425866984,1.3465515922875286,16.485527586502805,71.83,-4.0,4333233.0,4073239.0,0.03,151.0,6.6,,96079.0,33.6,9468.0,5694.0,15524995.0,1.3,137973.0,8.78,6.4,17.4,83841.0,80.28,0.81
Cote d'Ivoire,1,0.1032118692810169,1,1,1,18,21,1,,0.0159220783281976,0.0603246241012619,0.0181121726774622,49.11,-9.0,,,1.3,0.2747,3.6,62.96,76399.0,18.7,2933.0,1582.0,3601006.0,28.2,303.74,2.42,,,19351.0,57.78,538.0
Cote d'Ivoire,2,0.1430645372782513,1,1,1,18,21,1,,0.1779897994461297,0.1514399417542097,0.0802110504287613,31.56,6.0,2110081.0,1983477.0,1.1,0.1157,8.6,25.93,76399.0,18.7,2933.0,1582.0,3601006.0,28.2,303.74,2.42,,,19351.0,57.78,538.0
Cote d'Ivoire,3,0.086941115766783,1,1,1,18,21,1,,,,0.1589435561491584,36.58,31.0,6312167.0,5988314.0,1.17,0.0511,19.6,17.59,76399.0,18.7,2933.0,1582.0,3601006.0,28.2,303.74,2.42,,,19351.0,57.78,538.0
Cote d'Ivoire,4,0.3241007113231248,2,1,1,24,33,1,,0.4571785914562515,0.1280419717443452,0.2653987751513854,34.11,56.0,6315788.0,5991795.0,1.9,0.2822,3.5,13.89,76399.0,18.7,2933.0,1582.0,3601006.0,28.2,303.74,2.42,,,19351.0,57.78,538.0
Croatia,1,8.407859239039661,14,3,5,2,20,5,6.230312836183932,1.9866563995945763,2.28828635037192,5.326268228810015,36.22,-35.0,0.0,0.0,1.06,0.3567,2.8,52.78,73726.0,44.0,19724.0,13053.0,22669797.0,0.7,253782.0,5.59,34.3,39.9,,78.49,851.0
Croatia,2,5.219980084333641,10,3,4,31,24,3,5.15721923718725,,,16.076804101863534,25.15,-7.0,553883.0,139647.0,1.1,0.2649,3.8,52.78,73726.0,44.0,19724.0,13053.0,22669797.0,0.7,253782.0,5.59,34.3,39.9,,78.49,851.0
Croatia,3,12.317385282077328,18,4,6,8,11,7,5.110669514856345,7.952811811477545,,23.946157161172533,29.9,5.0,2034043.0,1851543.0,1.16,0.4228,2.4,35.19,73726.0,44.0,19724.0,13053.0,22669797.0,0.7,253782.0,5.59,34.3,39.9,,78.49,851.0
Croatia,4,20.32258957185006,23,6,8,10,15,11,4.556972817657143,10.069187587296042,3.5586037729284947,32.846954067918986,29.98,-1.0,2298594.0,2160679.0,1.15,0.4626,2.2,37.96,73726.0,44.0,19724.0,13053.0,22669797.0,0.7,253782.0,5.59,34.3,39.9,,78.49,851.0
Cuba,1,7.863153468368416,13,3,5,2,17,4,,,,2.7311690269351057,76.19,-13.0,4549702.0,2777719.0,1.09,,,65.28,110408.0,43.1,14738.0,9719.0,,,190968.0,8.27,17.1,53.3,85198.0,78.8,783.0
Cuba,2,2.778872518572294,7,2,3,3,9,2,,,,7.3761886240227295,72.77,-4.0,10549618.0,9788341.0,1.25,,,29.63,110408.0,43.1,14738.0,9719.0,,,190968.0,8.27,17.1,53.3,85198.0,78.8,783.0
Cuba,3,0.6866207169300115,3,1,1,11,3,1,,,,7.518446214878942,44.41,9.0,10640456.0,9910122.0,1.13,,,29.63,110408.0,43.1,14738.0,9719.0,,,190968.0,8.27,17.1,53.3,85198.0,78.8,783.0
Cyprus,1,8.61536481590912,14,3,5,30,20,5,3.303552993565884,53.8666748511448,62.01527893259525,3.303552993565884,62.23,-26.0,170820.0,59488.0,1.14,0.0137,73.1,69.44,127657.0,37.3,13416.0,8563.0,32415132.0,,141171.0,9.24,19.6,52.7,,80.98,887.0
Cyprus,2,10.673941029351166,16,4,6,1,6,6,2.2656123570739,102.33804498858824,81.33213542335143,4.296851022036707,55.18,-12.0,505592.0,424614.0,1.23,15.0,66.5,51.85,127657.0,37.3,13416.0,8563.0,32415132.0,,141171.0,9.24,19.6,52.7,,80.98,887.0
Cyprus,3,42.855843717341536,33,8,12,37,14,22,2.622753221243185,223.51572814883843,86.22161706686906,7.254423803438597,30.97,-20.0,654034.0,614792.0,1.41,0.0382,26.2,45.37,127657.0,37.3,13416.0,8563.0,32415132.0,,141171.0,9.24,19.6,52.7,,80.98,887.0
Cyprus,4,48.64037645064671,34,9,13,9,2,25,1.8861501888940355,312.6789917466978,92.06198626123738,10.40172766893042,53.21,-12.0,692970.0,651392.0,1.13,0.0535,18.7,38.89,127657.0,37.3,13416.0,8563.0,32415132.0,,141171.0,9.24,19.6,52.7,,80.98,887.0
Czechia,1,10.96098056838406,16,4,6,1,36,6,6.091629180255811,1.6068651066389434,4.428902537942608,2.3749241576781803,50.98,-42.0,,,1.18,321.0,3.1,73.15,137176.0,43.3,19027.0,11.58,32605906.0,,227485.0,6.82,30.5,38.3,,79.38,0.9
Czechia,2,10.065222723312944,15,4,6,1,6,6,6.903784241636924,4.228822404066631,6.44250627508671,11.595821289707832,51.48,-45.0,28349.0,4.0,1.19,214.0,4.7,73.15,137176.0,43.3,19027.0,11.58,32605906.0,,227485.0,6.82,30.5,38.3,,79.38,0.9
Czechia,3,11.012723984918344,16,4,6,1,36,6,7.904292141593221,7.540028941066355,11.060507603440442,19.526221745559,54.69,-42.0,502932.0,256973.0,1.1,131.0,7.6,75.0,137176.0,43.3,19027.0,11.58,32605906.0,,227485.0,6.82,30.5,38.3,,79.38,0.9
Czechia,4,16.125072821684686,20,5,7,4,10,9,6.002114959942853,41.08257658850676,12.096914435501414,30.43763222579067,35.0,-7.0,6647319.0,6248480.0,1.21,158.0,6.3,52.78,137176.0,43.3,19027.0,11.58,32605906.0,,227485.0,6.82,30.5,38.3,,79.38,0.9
Czechia,5,30.85591020736612,29,7,10,20,34,16,2.6714400124648554,47.05613930948917,16.35117099985426,34.69515232942576,31.51,-16.0,6942309.0,6525770.0,1.27,233.0,4.3,41.67,137176.0,43.3,19027.0,11.58,32605906.0,,227485.0,6.82,30.5,38.3,,79.38,0.9
Democratic Republic of Congo,1,0.0140199439120576,1,1,1,18,21,1,,,,0.0077940647028178,34.13,-24.0,,,1.16,,,80.56,35879.0,17.0,3.02,1745.0,808133.0,77.1,318949.0,6.1,,,4472.0,60.68,0.48
Democratic Republic of Congo,2,0.0213438062488488,1,1,1,18,21,1,,,,0.0670073062645033,37.33,-7.0,0.0,0.0,1.06,,,25.0,35879.0,17.0,3.02,1745.0,808133.0,77.1,318949.0,6.1,,,4472.0,60.68,0.48
Democratic Republic of Congo,3,0.03669823489024,1,1,1,18,21,1,,,,0.0951525399135677,45.78,1.0,46137.0,1685.0,1.15,,,41.67,35879.0,17.0,3.02,1745.0,808133.0,77.1,318949.0,6.1,,,4472.0,60.68,0.48
Democratic Republic of Congo,4,0.085380130798783,1,1,1,18,21,1,,,,0.1218905118801789,39.76,58.0,217382.0,97680.0,1.05,,,38.89,35879.0,17.0,3.02,1745.0,808133.0,77.1,318949.0,6.1,,,4472.0,60.68,0.48
Denmark,1,5.444211599615262,10,3,4,7,24,3,0.8876194630865557,15.71786396096401,23.03114477795924,1.706431215856324,19.01,-35.0,2.0,1.0,1.2,0.0291,34.4,51.85,136.52,42.3,19677.0,12325.0,46682515.0,0.2,114767.0,6.41,19.3,18.8,,80.9,0.94
Denmark,2,74.56312495819863,38,10,15,27,5,38,1.9575793585125976,103.58278651272548,19.65389033633553,6.6451046238437295,10.98,-22.0,4849452.0,4558485.0,1.05,0.2694,3.7,16.67,136.52,42.3,19677.0,12325.0,46682515.0,0.2,114767.0,6.41,19.3,18.8,,80.9,0.94
Djibouti,1,1.3739099134587809,4,1,2,35,39,1,,,,0.1995615632455495,37.61,-23.0,,,1.36,,,59.26,41285.0,25.4,4213.0,2.38,2705406.0,22.5,258037.0,6.05,1.7,24.5,,67.11,524.0
Djibouti,2,1.657148868763656,5,1,2,39,16,1,,,,0.7184216276839783,30.91,-13.0,8029.0,0.0,1.35,,,34.26,41285.0,25.4,4213.0,2.38,2705406.0,22.5,258037.0,6.05,1.7,24.5,,67.11,524.0
Djibouti,3,0.6513278080003182,3,1,1,11,3,1,,,,1.6663390531003386,35.69,16.0,48574.0,26284.0,0.92,,,43.52,41285.0,25.4,4213.0,2.38,2705406.0,22.5,258037.0,6.05,1.7,24.5,,67.11,524.0
Djibouti,4,0.8568134958384719,3,1,1,11,3,1,,,,1.885856772670443,35.69,18.0,119477.0,26284.0,1.56,,,43.52,41285.0,25.4,4213.0,2.38,2705406.0,22.5,258037.0,6.05,1.7,24.5,,67.11,524.0
Dominican Republic,1,1.2499493406219937,4,1,2,35,39,1,,0.2233425119553057,0.3530309445727723,0.970447101321068,89.42,-38.0,,,1.08,357.0,2.8,78.7,222873.0,27.6,6981.0,4419.0,14600861.0,1.6,266653.0,8.2,8.5,19.1,55182.0,74.08,756.0
Dominican Republic,2,1.412021914991865,4,1,2,35,39,1,,0.8823902102976213,0.5241144693023754,2.2348584233621582,87.03,-37.0,0.0,0.0,1.1,0.2495,4.0,70.37,222873.0,27.6,6981.0,4419.0,14600861.0,1.6,266653.0,8.2,8.5,19.1,55182.0,74.08,756.0
Dominican Republic,3,1.12818986857024,4,1,2,11,39,1,,,,3.3203350023562783,79.86,-12.0,3432764.0,1201200.0,1.11,0.2551,3.9,62.96,222873.0,27.6,6981.0,4419.0,14600861.0,1.6,266653.0,8.2,8.5,19.1,55182.0,74.08,756.0
Dominican Republic,4,0.9377774744726216,3,1,1,11,3,1,,,,3.802363289748116,70.43,1.0,6824815.0,5460820.0,1.03,0.1263,7.9,41.67,222873.0,27.6,6981.0,4419.0,14600861.0,1.6,266653.0,8.2,8.5,19.1,55182.0,74.08,756.0
Dominican Republic,5,5.23274684777585,10,3,4,31,24,3,,,,3.8945694583590553,70.21,0.0,6974830.0,5740955.0,1.36,0.7947,1.3,37.96,222873.0,27.6,6981.0,4419.0,14600861.0,1.6,266653.0,8.2,8.5,19.1,55182.0,74.08,756.0
Ecuador,1,1.1013252517175585,4,1,2,11,39,1,,0.6861133040191131,0.1488109047199889,10.370923757946038,89.31,-44.0,1193052.0,240816.0,1.02,383.0,2.6,75.46,66939.0,28.1,7104.0,4458.0,10581936.0,3.6,140448.0,5.55,2.0,12.3,80635.0,77.01,759.0
Ecuador,2,4.369560921368889,9,2,3,23,13,3,,1.242177504911822,0.7196812875150782,19.1447297293218,79.47,-7.0,14590485.0,13158219.0,1.24,669.0,1.5,60.65,66939.0,28.1,7104.0,4458.0,10581936.0,3.6,140448.0,5.55,2.0,12.3,80635.0,77.01,759.0
Egypt,1,0.1446791899369764,1,1,1,18,21,1,,,,0.177443860191618,48.55,-33.0,,,1.07,,,71.3,97999.0,25.3,5159.0,2891.0,10550206.0,1.3,525432.0,17.31,0.2,50.1,89827.0,71.99,707.0
Egypt,2,0.1174489548499181,1,1,1,18,21,1,,,,0.737303217996199,40.66,-14.0,0.0,0.0,1.23,,,65.74,97999.0,25.3,5159.0,2891.0,10550206.0,1.3,525432.0,17.31,0.2,50.1,89827.0,71.99,707.0
Egypt,3,0.1119525078471324,1,1,1,18,21,1,,,,1.3741828026839529,41.14,-21.0,1334635.0,267349.0,1.04,,,65.74,97999.0,25.3,5159.0,2891.0,10550206.0,1.3,525432.0,17.31,0.2,50.1,89827.0,71.99,707.0
Egypt,4,0.2100299925589262,1,1,1,24,21,1,,,,2.19992020397565,27.55,20.0,39174879.0,28440704.0,1.11,,,43.52,97999.0,25.3,5159.0,2891.0,10550206.0,1.3,525432.0,17.31,0.2,50.1,89827.0,71.99,707.0
El Salvador,1,1.4704613507518738,4,1,2,35,39,1,,2.047853033673391,0.7174963565237401,6.139449259799034,80.68,36.0,4560352.0,4231096.0,0.25,0.181,5.5,32.41,307.811,27.6,8.273,5.417,7292.458,2.2,167.295,8.87,2.5,18.8,90.65,73.32,0.673
Estonia,1,10.805410117811888,16,4,6,1,6,6,5.387914771338105,7.824089864985194,3.8341729626286982,5.35773037486002,62.9,-39.0,132963.0,55977.0,1.08,0.2015,5.0,67.59,31033.0,42.7,19452.0,13491.0,29481252.0,0.5,255569.0,4.02,24.5,39.3,,78.74,892.0
Estonia,2,12.306707711875143,18,4,6,8,11,7,4.535205570832214,16.20824366052213,5.693531785678712,11.439886265194067,46.5,-15.0,795128.0,747421.0,1.15,0.2074,4.8,32.41,31033.0,42.7,19452.0,13491.0,29481252.0,0.5,255569.0,4.02,24.5,39.3,,78.74,892.0
Estonia,3,47.83556636554972,34,9,13,9,2,24,3.078808440764631,21.921795247164933,10.460402599480224,15.49214149237693,51.87,-21.0,855589.0,804254.0,1.2,0.5233,1.9,54.63,31033.0,42.7,19452.0,13491.0,29481252.0,0.5,255569.0,4.02,24.5,39.3,,78.74,892.0
Eswatini,1,1.886793498207126,5,2,2,39,16,1,,,,2.8574621130377893,53.18,-29.0,0.0,0.0,1.01,,,75.0,79492.0,21.5,3163.0,1845.0,7738975.0,,333436.0,3.94,1.7,16.5,24097.0,60.19,611.0
Eswatini,2,5.841179947718432,11,3,4,7,35,3,,,,7.45499070685083,53.14,6.0,73612.0,62552.0,1.24,,,62.96,79492.0,21.5,3163.0,1845.0,7738975.0,,333436.0,3.94,1.7,16.5,24097.0,60.19,611.0
Eswatini,3,7.641213360523802,13,3,5,2,17,4,,,,10.696291014177277,53.14,23.0,324400.0,293712.0,1.69,,,49.07,79492.0,21.5,3163.0,1845.0,7738975.0,,333436.0,3.94,1.7,16.5,24097.0,60.19,611.0
Ethiopia,1,0.1223652003827955,1,1,1,18,21,1,,0.0642247402796896,0.1709674688770575,0.0575179595586984,60.99,-10.0,,,1.23,0.0731,13.7,80.56,104957.0,19.8,3526.0,2063.0,1729927.0,26.7,182634.0,7.47,0.4,8.5,7.96,66.6,485.0
Ethiopia,2,0.1727130942142744,1,1,1,18,21,1,,0.201414999492773,0.0764954928231245,0.2472932922029587,59.35,-13.0,0.0,0.0,1.09,256.0,3.9,43.52,104957.0,19.8,3526.0,2063.0,1729927.0,26.7,182634.0,7.47,0.4,8.5,7.96,66.6,485.0
Ethiopia,3,0.1123294467765586,1,1,1,18,21,1,,0.2748150420085556,0.0715156930796206,0.3966024497594621,45.77,12.0,2330700.0,2190858.0,1.06,0.1688,5.9,43.52,104957.0,19.8,3526.0,2063.0,1729927.0,26.7,182634.0,7.47,0.4,8.5,7.96,66.6,485.0
Ethiopia,4,0.3005850001135521,2,1,1,24,33,1,,,,0.586717121398169,40.04,51.0,9452716.0,8885553.0,1.61,0.4132,2.4,40.74,104957.0,19.8,3526.0,2063.0,1729927.0,26.7,182634.0,7.47,0.4,8.5,7.96,66.6,485.0
Fiji,1,10.619902087651363,16,4,6,1,6,6,,3.4656478742362102,3.510913180765512,2.514123949633348,55.73,-37.0,463120.0,112910.0,1.08,,,67.59,49562.0,28.6,6224.0,3284.0,8702975.0,1.4,412.82,14.49,10.2,34.8,,67.44,743.0
Fiji,2,3.9429141661389258,8,2,3,13,26,2,,,,7.852484054141161,72.2,-9.0,670740.0,610881.0,1.61,,,90.74,49562.0,28.6,6224.0,3284.0,8702975.0,1.4,412.82,14.49,10.2,34.8,,67.44,743.0
Finland,1,15.005598881018432,19,5,7,4,10,8,1.4544835853326776,18.346019662383178,1.5995714770542149,4.781592257605444,48.87,-9.0,4484531.0,4215459.0,1.33,481.0,2.1,24.07,18136.0,42.8,21228.0,13264.0,40585721.0,,153507.0,5.76,18.3,22.6,,81.91,938.0
France,1,7.555706307540683,13,3,5,2,17,4,3.725786835157664,3.066472961347928,6.466375960369018,5.554270119545549,75.83,-45.0,,,1.34,155.0,6.5,78.7,122578.0,42.0,19718.0,13079.0,38605671.0,,86.06,4.77,30.1,35.6,,82.66,901.0
France,2,50.7627465806277,35,9,13,16,37,26,4.22933167215449,33.47251594435051,15.21024294740589,19.07092640384444,59.79,-18.0,53780140.0,50553332.0,1.13,281.0,3.6,66.67,122578.0,42.0,19718.0,13079.0,38605671.0,,86.06,4.77,30.1,35.6,,82.66,901.0
France,3,20.024619054379283,22,6,8,10,15,11,3.279789979531903,38.59995313102548,5.387143662306072,21.142060455044348,25.72,-10.0,54117354.0,50870313.0,1.11,0.29,3.4,23.15,122578.0,42.0,19718.0,13079.0,38605671.0,,86.06,4.77,30.1,35.6,,82.66,901.0
Gabon,1,0.4880982613827014,2,1,1,24,33,1,,,,0.1404229979520183,86.45,-23.0,,,1.02,,,84.26,7859.0,23.1,4.45,2976.0,16562413.0,3.4,259967.0,7.2,,,,66.47,703.0
Gabon,2,0.6642854630232764,3,1,1,11,3,1,,,,0.3993279004260521,57.72,-19.0,0.0,0.0,1.2,,,65.74,7859.0,23.1,4.45,2976.0,16562413.0,3.4,259967.0,7.2,,,,66.47,703.0
Gabon,3,0.9183870435315858,3,1,1,11,3,1,,,,0.8337615503401089,74.94,17.0,108742.0,79092.0,1.23,0.0914,10.9,55.56,7859.0,23.1,4.45,2976.0,16562413.0,3.4,259967.0,7.2,,,,66.47,703.0
Gabon,4,1.5520590619557808,4,1,2,35,16,1,,,,1.263806981568165,35.12,31.0,277258.0,198804.0,0.98,0.3104,3.2,41.67,7859.0,23.1,4.45,2976.0,16562413.0,3.4,259967.0,7.2,,,,66.47,703.0
Gambia,1,0.4073393536102362,2,1,1,24,33,1,,,,0.2533236668238882,53.98,-9.0,,,1.17,,,77.78,207566.0,17.5,2339.0,1417.0,1561767.0,10.1,331.43,1.91,0.7,31.2,7876.0,62.05,496.0
Gambia,2,0.1271678317634684,1,1,1,18,21,1,,,,0.6353196723519736,42.3,-2.0,0.0,0.0,0.97,,,44.44,207566.0,17.5,2339.0,1417.0,1561767.0,10.1,331.43,1.91,0.7,31.2,7876.0,62.05,496.0
Gambia,3,0.371510499626623,2,1,1,24,33,1,,0.3664025264813705,,0.9127694026828986,42.3,18.0,99235.0,78822.0,0.93,0.2571,3.9,33.33,207566.0,17.5,2339.0,1417.0,1561767.0,10.1,331.43,1.91,0.7,31.2,7876.0,62.05,496.0
Gambia,4,0.2870607621409368,2,1,1,24,33,1,,,,1.3792066304856134,42.3,29.0,290826.0,273376.0,0.48,0.5258,1.9,13.89,207566.0,17.5,2339.0,1417.0,1561767.0,10.1,331.43,1.91,0.7,31.2,7876.0,62.05,496.0
Georgia,1,10.37968626168814,16,4,6,1,6,6,,,,3.4851233977415297,72.26,-41.0,0.0,0.0,1.09,,,84.26,65032.0,38.7,14864.0,10244.0,9745079.0,4.2,496218.0,7.11,5.3,55.5,,73.77,812.0
Georgia,2,11.754460096644507,17,4,6,29,36,6,,14.599704556013622,6.465192864015108,16.171776631481244,44.3,-6.0,597522.0,245207.0,1.16,0.1109,9.0,50.93,65032.0,38.7,14864.0,10244.0,9745079.0,4.2,496218.0,7.11,5.3,55.5,,73.77,812.0
Georgia,3,11.416949845296656,17,4,6,29,36,6,,22.344797052495203,9.32590878927014,26.220088432179423,36.47,2.0,1063312.0,952831.0,1.08,0.1222,8.2,47.22,65032.0,38.7,14864.0,10244.0,9745079.0,4.2,496218.0,7.11,5.3,55.5,,73.77,812.0
Georgia,4,50.23967589951889,35,9,13,16,37,26,,,,38.12780276664021,44.92,-8.0,1534218.0,1226924.0,1.25,0.4579,2.2,50.0,65032.0,38.7,14864.0,10244.0,9745079.0,4.2,496218.0,7.11,5.3,55.5,,73.77,812.0
Germany,1,2.790514811274659,7,2,3,3,9,2,,,,2.972331347222115,63.34,-42.0,0.0,0.0,1.12,,,82.41,237016.0,46.6,21453.0,15957.0,45229245.0,,156139.0,8.31,28.2,33.1,,81.33,947.0
Germany,2,6.699685351161282,12,3,4,12,1,4,,,,12.032828754918432,52.63,-13.0,59907880.0,56313407.0,1.12,,,63.89,237016.0,46.6,21453.0,15957.0,45229245.0,,156139.0,8.31,28.2,33.1,,81.33,947.0
Germany,3,26.78498966642917,27,7,10,22,28,14,,,,15.23495618993605,43.56,-9.0,63998880.0,60158947.0,1.07,,,48.15,237016.0,46.6,21453.0,15957.0,45229245.0,,156139.0,8.31,28.2,33.1,,81.33,947.0
Ghana,1,0.2091740261275342,1,1,1,24,21,1,,0.1206197075720859,0.1265909427820283,0.0529431874219087,56.98,-14.0,,,1.06,0.2077,4.8,52.78,126719.0,21.1,3385.0,1948.0,4227.63,12.0,298245.0,4.97,0.3,7.7,41047.0,64.07,611.0
Ghana,2,0.2275052135739144,1,1,1,24,33,1,,0.2498842813189207,0.1389758669825106,0.1310974164732979,67.71,-14.0,0.0,0.0,1.18,0.1378,7.3,38.89,126719.0,21.1,3385.0,1948.0,4227.63,12.0,298245.0,4.97,0.3,7.7,41047.0,64.07,611.0
Ghana,3,0.1604034798805094,1,1,1,18,21,1,,0.5021267404442589,0.1869713874846338,0.3069444318389236,55.94,6.0,865422.0,601632.0,1.08,0.0921,10.9,44.44,126719.0,21.1,3385.0,1948.0,4227.63,12.0,298245.0,4.97,0.3,7.7,41047.0,64.07,611.0
Ghana,4,0.3048521203064465,2,1,1,24,33,1,,0.6720961165919915,,0.4055826322142656,41.92,26.0,5893092.0,2528872.0,1.2,0.1852,5.4,51.85,126719.0,21.1,3385.0,1948.0,4227.63,12.0,298245.0,4.97,0.3,7.7,41047.0,64.07,611.0
Greece,1,29.231568118280965,28,7,10,33,7,15,,47.2889050325883,40.15139893008672,20.360153419999545,74.87,-18.0,7515910.0,7064956.0,1.47,0.0918,10.9,77.78,83479.0,45.3,20396.0,14524.0,24574382.0,1.5,175695.0,4.55,35.3,52.0,,82.24,888.0
Guatemala,1,0.6151434140623812,3,1,1,11,3,1,,0.0604229027848311,0.1088774998263001,0.7939783454872111,90.6,-51.0,,,1.22,0.4777,2.1,96.3,157.834,22.9,4.694,3.016,7423.808,8.7,155.898,10.18,,,76.665,74.3,0.663
Guatemala,2,2.024059263269652,5,2,2,14,31,2,,1.156460967279325,0.7812659247727162,6.310182627074344,84.77,-10.0,3042945.0,878952.0,1.07,0.3333,3.0,52.78,157.834,22.9,4.694,3.016,7423.808,8.7,155.898,10.18,,,76.665,74.3,0.663
Guatemala,3,1.8104431565104528,5,1,2,39,16,1,,2.056401723015202,0.8509650590349476,9.101983641744695,75.85,10.0,7070363.0,5460442.0,1.08,0.2567,3.9,61.57,157.834,22.9,4.694,3.016,7423.808,8.7,155.898,10.18,,,76.665,74.3,0.663
Guinea,1,0.0566210609483576,1,1,1,18,21,1,,,,0.0051862466369968,69.99,-33.0,,,1.28,,,78.7,51.755,19.0,3.135,1.733,1998.926,35.3,336.717,2.42,,,17.45,61.6,0.477
Guinea,2,0.1049236673005816,1,1,1,18,21,1,,,,0.0755710224248118,62.32,-3.0,0.0,2652.0,1.17,,,63.89,51.755,19.0,3.135,1.733,1998.926,35.3,336.717,2.42,,,17.45,61.6,0.477
Guinea,3,0.1122239649132455,1,1,1,18,21,1,,,,0.1926320179455987,48.75,18.0,590168.0,342847.0,1.14,,,64.81,51.755,19.0,3.135,1.733,1998.926,35.3,336.717,2.42,,,17.45,61.6,0.477
Guinea,4,0.1719210620868819,1,1,1,18,21,1,,,,0.289688919295112,42.2,53.0,2431773.0,1274859.0,1.23,,,65.74,51.755,19.0,3.135,1.733,1998.926,35.3,336.717,2.42,,,17.45,61.6,0.477
Guinea-Bissau,1,0.2365120770041484,1,1,1,24,33,1,,,,0.0099231452401153,21.36,-26.0,,,1.19,,,,66.191,19.4,3.002,1.565,1548.675,67.1,382.474,2.42,,,6.403,58.32,0.48
Guinea-Bissau,2,0.1225070317320175,1,1,1,18,21,1,,,,0.228232340522652,58.92,-9.0,0.0,0.0,0.9,,,,66.191,19.4,3.002,1.565,1548.675,67.1,382.474,2.42,,,6.403,58.32,0.48
Guinea-Bissau,3,0.2467055490680747,1,1,1,24,33,1,,,,0.4663878262854194,58.92,16.0,28097.0,2772.0,1.07,,,,66.191,19.4,3.002,1.565,1548.675,67.1,382.474,2.42,,,6.403,58.32,0.48
Guinea-Bissau,4,0.1002330111747401,1,1,1,18,21,1,,,,0.7095048846682445,58.92,25.0,295788.0,17808.0,0.8,,,,66.191,19.4,3.002,1.565,1548.675,67.1,382.474,2.42,,,6.403,58.32,0.48
Guinea-Bissau,5,0.2171928304480057,1,1,1,24,21,1,,,,0.7541590382487633,58.92,31.0,392286.0,23906.0,1.18,,,,66.191,19.4,3.002,1.565,1548.675,67.1,382.474,2.42,,,6.403,58.32,0.48
Guyana,1,2.8578145729027784,7,2,3,3,9,2,,,,8.932988666745116,48.39,-13.0,346136.0,177300.0,1.12,0.2649,3.8,78.7,3.952,26.3,5.305,2.837,7435.047,,373.159,11.62,,,77.159,69.91,0.682
Guyana,2,10.78420286644009,16,4,6,1,6,6,,,,13.74111287830764,48.39,-6.0,420657.0,303867.0,1.4,0.3029,3.3,77.78,3.952,26.3,5.305,2.837,7435.047,,373.159,11.62,,,77.159,69.91,0.682
Haiti,1,0.1444779150448093,1,1,1,18,21,1,,,,0.0433212383323991,67.64,-33.0,,,1.19,,,80.56,398.448,24.3,4.8,2.954,1653.173,23.5,430.548,6.65,2.9,23.1,22.863,64.0,0.51
Haiti,2,0.1210805200206053,1,1,1,18,21,1,,,,0.2798551996272987,52.09,-2.0,0.0,0.0,1.21,,,50.93,398.448,24.3,4.8,2.954,1653.173,23.5,430.548,6.65,2.9,23.1,22.863,64.0,0.51
Haiti,3,0.1129880165619693,1,1,1,18,21,1,,,,0.6758113179854273,43.11,14.0,128809.0,78534.0,0.85,0.3089,3.2,43.52,398.448,24.3,4.8,2.954,1653.173,23.5,430.548,6.65,2.9,23.1,22.863,64.0,0.51
Hungary,1,5.426860284853204,10,3,4,7,24,3,8.027683155006113,1.7103635998647313,0.9285706426775884,5.0061437621663405,80.31,-15.0,,,1.08,0.3016,3.3,72.22,108.043,43.4,18.577,11.976,26777.561,0.5,278.296,7.55,26.8,34.8,,76.88,0.854
Hungary,2,8.700270608697249,14,3,5,30,20,5,12.323853387559812,4.031225549248601,2.0011081399710737,19.413208953721146,83.51,-22.0,1696110.0,494520.0,1.14,0.2688,3.7,79.63,108.043,43.4,18.577,11.976,26777.561,0.5,278.296,7.55,26.8,34.8,,76.88,0.854
Hungary,3,9.938769860263402,15,4,5,19,30,5,7.118418810063605,8.094827552204332,5.48049742157128,34.98384187436333,44.25,7.0,6098648.0,5732729.0,1.25,0.2368,4.2,26.85,108.043,43.4,18.577,11.976,26777.561,0.5,278.296,7.55,26.8,34.8,,76.88,0.854
Hungary,4,15.39740336286716,20,5,7,4,10,8,3.594500486913133,,,42.794588673098914,55.19,2.0,6378261.0,5995565.0,1.33,0.3882,2.6,51.85,108.043,43.4,18.577,11.976,26777.561,0.5,278.296,7.55,26.8,34.8,,76.88,0.854
India,1,0.6510985741556887,3,1,1,11,3,1,,0.4037646280996945,0.7691223284900293,0.572136380000057,68.06,-34.0,,,1.07,0.0864,11.6,85.65,450419.0,28.2,5989.0,3414.0,6426674.0,21.2,282.28,10.39,1.9,20.6,59.55,69.66,645.0
India,2,2.6954087240786317,7,2,3,3,9,2,,2.1049869209510144,1.1940083353830246,1.6232706595350457,80.63,-61.0,132304449.0,30448623.0,1.12,0.2164,4.6,73.61,450419.0,28.2,5989.0,3414.0,6426674.0,21.2,282.28,10.39,1.9,20.6,59.55,69.66,645.0
India,3,1.9971150740707664,5,2,2,14,31,1,,5.106461355916874,1.5660211383171074,3.508546223124707,64.59,-11.0,877381409.0,667163363.0,1.31,165.0,6.1,83.8,450419.0,28.2,5989.0,3414.0,6426674.0,21.2,282.28,10.39,1.9,20.6,59.55,69.66,645.0
Indonesia,1,0.4396426169848488,2,1,1,24,33,1,,,,1.0441023778584035,77.08,-29.0,308003.0,4557.0,1.07,,,64.35,145725.0,29.3,5319.0,3053.0,11188744.0,5.7,342864.0,6.32,2.8,76.1,64204.0,71.72,718.0
Indonesia,2,1.5962570694185845,5,1,2,35,16,1,,0.5664969861897116,0.6822614709671802,2.6229747797115857,77.48,-35.0,41268627.0,16217855.0,1.19,0.3007,3.3,71.76,145725.0,29.3,5319.0,3053.0,11188744.0,5.7,342864.0,6.32,2.8,76.1,64204.0,71.72,718.0
Indonesia,3,1.8411725196487911,5,1,2,39,16,1,,1.939630995584672,1.113059089051776,5.2845221858240405,67.14,-13.0,189310749.0,139140467.0,1.28,0.1714,5.8,68.98,145725.0,29.3,5319.0,3053.0,11188744.0,5.7,342864.0,6.32,2.8,76.1,64204.0,71.72,718.0
Iran,1,1.5632128971500463,4,1,2,35,16,1,,0.7004364170428923,0.4997720771183773,5.490965645035868,54.27,-14.0,,,1.07,0.3235,3.1,72.69,49831.0,32.4,5.44,3182.0,19082.62,0.2,270308.0,9.59,0.8,21.1,,76.68,783.0
Iran,2,2.700998244892352,7,2,3,3,9,2,,,,7.800537135905546,54.13,-16.0,394431.0,120705.0,1.17,0.2425,4.1,81.48,49831.0,32.4,5.44,3182.0,19082.62,0.2,270308.0,9.59,0.8,21.1,,76.68,783.0
Iran,3,4.405851293684384,9,2,3,23,13,3,,3.173588559917844,1.1129528408975973,11.377562133094733,47.65,5.0,14578091.0,3854354.0,1.11,0.3927,2.5,68.06,49831.0,32.4,5.44,3182.0,19082.62,0.2,270308.0,9.59,0.8,21.1,,76.68,783.0
Iran,4,3.63443854621621,8,2,3,13,26,2,,5.351816844088988,,15.634004306307654,42.42,17.0,61285990.0,54561630.0,1.36,0.3433,2.9,62.04,49831.0,32.4,5.44,3182.0,19082.62,0.2,270308.0,9.59,0.8,21.1,,76.68,783.0
Iraq,1,1.0355849049043315,3,1,2,11,3,1,,0.5201356864512021,0.4997893240231008,2.1367505281955514,43.49,-8.0,,,1.04,0.207,4.8,61.11,88.125,20.0,3.186,1.957,15663.986,2.5,218.612,8.83,,,94.576,70.6,0.674
Iraq,2,1.8229767692670995,5,1,2,39,16,1,,2.120635169796629,1.0226241788026238,3.621960919199528,36.88,4.0,197914.0,42216.0,1.04,0.1747,5.7,73.15,88.125,20.0,3.186,1.957,15663.986,2.5,218.612,8.83,,,94.576,70.6,0.674
Iraq,3,2.691287704492405,7,2,3,3,9,2,,3.175603471749713,1.046883910336518,4.530668781059712,35.57,38.0,1795003.0,1023856.0,1.14,0.2296,4.4,75.93,88.125,20.0,3.186,1.957,15663.986,2.5,218.612,8.83,,,94.576,70.6,0.674
Iraq,4,1.607293304311707,5,1,2,35,16,1,,,,5.912429265823057,27.14,56.0,9234779.0,6294513.0,1.32,0.2697,3.7,64.81,88.125,20.0,3.186,1.957,15663.986,2.5,218.612,8.83,,,94.576,70.6,0.674
Ireland,1,9.683091187673314,15,4,5,19,30,5,2.31391172697688,5.170812040528977,5.482545921013128,4.669967553057414,74.06,-62.0,40097.0,59.0,1.61,0.22,4.5,87.96,69.874,38.7,13.928,8.678,67335.293,0.2,126.459,3.28,23.0,25.7,,82.3,0.955
Ireland,2,39.207566680967965,32,8,11,5,8,20,1.8784227029057756,20.69695302177205,8.51732242884872,11.944841803093135,65.23,-30.0,3967484.0,3729435.0,1.28,0.5,2.0,50.0,69.874,38.7,13.928,8.678,67335.293,0.2,126.459,3.28,23.0,25.7,,82.3,0.955
Israel,1,77.7981315297165,39,10,15,32,27,39,3.5658163814444084,44.84884727155311,42.11236680658702,9.128188569583468,59.39,-24.0,6736955.0,6077261.0,1.33,0.2,5.0,56.48,402.606,30.6,11.733,7.359,33132.32,0.5,93.32,6.74,15.4,35.4,,82.97,0.919
Italy,1,5.60026528380084,11,3,4,7,24,3,5.473643247370757,3.0149528708930013,3.887391605323337,7.220610583471354,92.76,-40.0,,,1.12,0.1629,6.1,82.41,205859.0,47.9,23021.0,16.24,35220084.0,2.0,113151.0,4.78,19.8,27.8,,83.51,892.0
Italy,2,28.873607392100624,28,7,10,33,7,15,3.320828199014665,25.65443747014017,20.173613037392272,23.333096064269448,83.66,-22.0,49685652.0,45349922.0,1.16,0.1646,6.1,73.15,205859.0,47.9,23021.0,16.24,35220084.0,2.0,113151.0,4.78,19.8,27.8,,83.51,892.0
Jamaica,1,0.5238065686954365,2,1,1,24,33,1,,0.2471025356974462,0.1940498987375658,0.2354158216920209,74.87,-27.0,,,1.13,0.2404,4.2,75.0,266879.0,31.4,9684.0,6.39,8193571.0,,206537.0,11.28,5.3,28.6,66425.0,74.47,734.0
Jamaica,2,2.0843423663426237,6,2,2,14,31,2,,,,1.6310953360090024,75.84,-29.0,12099.0,0.0,1.15,0.2772,3.6,71.3,266879.0,31.4,9684.0,6.39,8193571.0,,206537.0,11.28,5.3,28.6,66425.0,74.47,734.0
Jamaica,3,2.271648493608524,6,2,2,14,31,2,,1.8529915633695675,0.5666795136443648,5.209415825727721,77.03,-7.0,411755.0,145171.0,1.11,0.3681,2.7,74.07,266879.0,31.4,9684.0,6.39,8193571.0,,206537.0,11.28,5.3,28.6,66425.0,74.47,734.0
Jamaica,4,4.204560839098499,9,2,3,23,13,3,,2.521945799206447,,8.464880331411667,77.03,-5.0,731104.0,592407.0,1.38,417.0,2.4,74.07,266879.0,31.4,9684.0,6.39,8193571.0,,206537.0,11.28,5.3,28.6,66425.0,74.47,734.0
Jamaica,5,0.9765444503310788,3,1,1,11,3,1,,,,10.254040576271027,77.03,8.0,794824.0,717076.0,1.24,85.0,11.8,11.11,266879.0,31.4,9684.0,6.39,8193571.0,,206537.0,11.28,5.3,28.6,66425.0,74.47,734.0
Japan,1,1.7171225263386434,5,1,2,39,16,1,,1.5612839128758855,0.4388072249857113,1.2404523014674178,92.95,-29.0,66849648.0,51775600.0,1.2,0.2022,4.9,52.31,347778.0,48.2,27049.0,18493.0,39002223.0,,79.37,5.72,11.2,33.7,,84.63,919.0
Japan,2,6.986018212984558,12,3,4,12,1,4,,2.679327943315804,2.514771901956097,1.543346065026039,92.55,-27.0,101759607.0,95654031.0,1.23,0.4008,2.5,47.22,347778.0,48.2,27049.0,18493.0,39002223.0,,79.37,5.72,11.2,33.7,,84.63,919.0
Jordan,1,5.022221077611539,10,3,4,31,24,3,,2.15259155156158,2.578142300211257,1.7947181338203384,61.37,-11.0,,,1.1,0.2431,4.1,81.48,109285.0,23.2,3.81,2361.0,8337.49,0.1,208257.0,11.75,,,,74.53,729.0
Jordan,2,7.714601897913122,13,3,5,2,17,4,,5.262033716550612,3.7811779933863225,5.55164844325,69.94,-9.0,199367.0,57891.0,1.13,0.1888,5.3,81.48,109285.0,23.2,3.81,2361.0,8337.49,0.1,208257.0,11.75,,,,74.53,729.0
Jordan,3,17.55889238636727,21,5,8,21,22,9,,14.88962726927647,,13.057718641560998,48.51,17.0,4630983.0,4293498.0,1.19,0.2886,3.5,34.26,109285.0,23.2,3.81,2361.0,8337.49,0.1,208257.0,11.75,,,,74.53,729.0
Kazakhstan,1,6.102691735594045,11,3,4,7,35,4,,,,4.778636520280803,55.12,8.0,5144799.0,3232019.0,1.11,,,62.96,6681.0,30.6,6991.0,4625.0,24055588.0,0.1,466792.0,7.11,7.0,43.1,98999.0,73.6,825.0
Kazakhstan,2,6.417096048629063,12,3,4,12,35,4,,,,9.6641435058714,53.73,-4.0,9122522.0,8575170.0,1.45,,,76.85,6681.0,30.6,6991.0,4625.0,24055588.0,0.1,466792.0,7.11,7.0,43.1,98999.0,73.6,825.0
Kenya,1,0.1156544920423996,1,1,1,18,21,1,,0.0564383082714848,0.1158664847090612,0.0661990275217364,64.92,-17.0,,,1.12,0.1188,8.4,75.93,87324.0,20.0,2686.0,1528.0,2993028.0,36.8,218637.0,2.92,1.2,20.4,24651.0,66.7,601.0
Kenya,2,0.1869538245585807,1,1,1,18,21,1,,,,0.2187841486501345,60.2,2.0,,,1.07,0.1628,6.1,51.85,87324.0,20.0,2686.0,1528.0,2993028.0,36.8,218637.0,2.92,1.2,20.4,24651.0,66.7,601.0
Kenya,3,0.2264733547121977,1,1,1,24,33,1,,,,0.3826449283124548,63.4,5.0,104626.0,42.0,1.17,215.0,4.7,56.02,87324.0,20.0,2686.0,1528.0,2993028.0,36.8,218637.0,2.92,1.2,20.4,24651.0,66.7,601.0
Kenya,4,0.2228677979786745,1,1,1,24,21,1,,,,0.7771111115395053,67.81,30.0,1192418.0,729667.0,1.14,0.2371,4.2,72.22,87324.0,20.0,2686.0,1528.0,2993028.0,36.8,218637.0,2.92,1.2,20.4,24651.0,66.7,601.0
Kenya,5,0.4290340088903566,2,1,1,24,33,1,,,,0.9755263286444902,54.72,61.0,6026414.0,3957505.0,1.43,0.3541,2.8,55.56,87324.0,20.0,2686.0,1528.0,2993028.0,36.8,218637.0,2.92,1.2,20.4,24651.0,66.7,601.0
Kuwait,1,4.025614721676158,8,2,3,13,26,3,,6.8765150848332,3.439255566467593,4.54886425094021,72.76,16.0,1667658.0,888361.0,1.03,0.1226,8.2,60.19,232128.0,33.7,2345.0,1114.0,65530537.0,,132235.0,15.84,2.7,37.0,,75.49,806.0
Kuwait,2,12.986732752941505,18,4,6,8,11,7,,15.83308556000123,7.207489431225632,5.761740701800348,57.64,22.0,3419874.0,3214682.0,1.15,0.1867,5.4,49.07,232128.0,33.7,2345.0,1114.0,65530537.0,,132235.0,15.84,2.7,37.0,,75.49,806.0
Latvia,1,51.58567865662327,36,9,13,15,18,26,6.133050231020485,34.136273697945406,5.051597967576787,26.937213634761594,39.87,-27.0,1344936.0,1264240.0,1.1,0.4174,2.4,54.63,31212.0,43.9,19754.0,14136.0,25063846.0,0.7,350.06,4.91,25.6,51.0,,75.29,866.0
Lebanon,1,6.570669288259265,12,3,4,12,1,4,,,,2.63105373184909,72.41,-54.0,0.0,0.0,1.17,,,90.74,594561.0,31.1,8514.0,5.43,13367565.0,,266591.0,12.71,26.9,40.7,,78.93,744.0
Lebanon,2,9.516457665219642,15,4,5,19,30,5,,,,13.861413344154975,53.95,-2.0,2406732.0,1920783.0,1.19,,,50.0,594561.0,31.1,8514.0,5.43,13367565.0,,266591.0,12.71,26.9,40.7,,78.93,744.0
Lebanon,3,11.22032900416906,17,4,6,1,36,6,,,,14.213008396473946,54.71,-2.0,2451432.0,2026672.0,1.07,,,50.0,594561.0,31.1,8514.0,5.43,13367565.0,,266591.0,12.71,26.9,40.7,,78.93,744.0
Libya,1,1.344512473748043,4,1,2,35,39,1,,,0.8625375042861015,1.13529594866048,32.67,6.0,,,1.07,,,78.7,3.623,29.0,4.424,2.816,17881.509,,341.862,10.43,,,,72.91,0.724
Libya,2,3.459707152151457,8,2,3,13,26,2,,,,5.042725928923575,42.27,31.0,593360.0,44010.0,1.16,,,64.81,3.623,29.0,4.424,2.816,17881.509,,341.862,10.43,,,,72.91,0.724
Libya,3,4.626680813352575,9,2,3,23,13,3,,,1.5884083696891502,8.68573254899233,32.55,88.0,2068994.0,1014822.0,1.3,,,51.85,3.623,29.0,4.424,2.816,17881.509,,341.862,10.43,,,,72.91,0.724
Lithuania,1,10.43669601223743,16,4,6,1,6,6,9.041356024955927,5.610157695822313,3.9585673911895856,4.7028434915991975,72.63,-47.0,0.0,0.0,1.09,0.229,4.4,74.07,45.135,43.5,19.002,13.778,29524.265,0.7,342.989,3.67,21.3,38.0,,75.93,0.882
Lithuania,2,4.349027087812795,9,2,3,23,13,3,4.1228880886826165,10.92511065623441,7.328256988648489,14.707074191910216,51.23,-23.0,714536.0,314788.0,1.03,0.062,16.1,41.67,45.135,43.5,19.002,13.778,29524.265,0.7,342.989,3.67,21.3,38.0,,75.93,0.882
Lithuania,3,10.448672233866125,16,4,6,1,6,6,6.3274621523334655,21.42328862967691,10.10460759696966,21.164654543615992,44.96,-10.0,1810358.0,1701737.0,1.09,0.137,7.3,50.0,45.135,43.5,19.002,13.778,29524.265,0.7,342.989,3.67,21.3,38.0,,75.93,0.882
Lithuania,4,37.90508936212192,32,8,11,5,8,19,5.01884483293195,28.625145081792297,12.227764844441834,29.503372291961448,49.26,-19.0,1951798.0,1834690.0,1.22,0.438,2.3,53.7,45.135,43.5,19.002,13.778,29524.265,0.7,342.989,3.67,21.3,38.0,,75.93,0.882
Malawi,1,0.0472715852846033,1,1,1,18,21,1,,0.0106750511676161,0.0161342196058659,0.0193407048903125,64.09,-14.0,,,1.23,0.2104,4.8,60.19,197.519,18.1,2.979,1.783,1095.042,71.4,227.349,3.94,4.4,24.7,8.704,64.26,0.483
Malawi,2,0.4170437722365556,2,1,1,24,33,1,,0.060306353711667,,0.2264898335839227,72.93,-28.0,0.0,0.0,1.47,0.3472,2.9,51.85,197.519,18.1,2.979,1.783,1095.042,71.4,227.349,3.94,4.4,24.7,8.704,64.26,0.483
Malawi,3,0.3408618526369509,2,1,1,24,33,1,,,,0.717641944614227,68.9,-6.0,389790.0,55169.0,1.27,0.2958,3.4,45.37,197.519,18.1,2.979,1.783,1095.042,71.4,227.349,3.94,4.4,24.7,8.704,64.26,0.483
Malawi,4,0.383741116489149,2,1,1,24,33,1,,,,1.1869085211633883,67.9,51.0,1467666.0,672819.0,1.63,0.7866,1.3,39.81,197.519,18.1,2.979,1.783,1095.042,71.4,227.349,3.94,4.4,24.7,8.704,64.26,0.483
Malaysia,1,1.2652412268759965,4,1,2,35,39,1,1.3085716630621704,2.0001241754877284,2.347404877228733,0.2276042109219816,84.1,-42.0,0.0,3.0,1.14,0.0536,18.7,77.31,96254.0,29.9,6293.0,3407.0,26808164.0,0.1,260942.0,16.74,1.0,42.4,,76.16,0.81
Malaysia,2,6.493473416645252,12,3,4,12,35,4,4.226237975457493,7.636888601620781,3.841232943604344,4.3226494106469655,84.59,-35.0,18773239.0,13289575.0,1.04,0.1353,7.4,67.59,96254.0,29.9,6293.0,3407.0,26808164.0,0.1,260942.0,16.74,1.0,42.4,,76.16,0.81
Malaysia,3,8.808336727552511,14,4,5,30,20,5,2.2549902452069253,15.911515354360075,4.5430532738775815,10.12106499854544,77.05,-8.0,27190377.0,25558954.0,1.08,0.1493,6.7,54.17,96254.0,29.9,6293.0,3407.0,26808164.0,0.1,260942.0,16.74,1.0,42.4,,76.16,0.81
Maldives,1,25.303878481895072,26,6,9,28,23,13,,15.099223722453184,13.353077517383465,2.097053088554505,70.46,-37.0,309605.0,152512.0,1.21,0.3134,3.2,,1454.433,30.6,4.12,2.875,15183.616,,164.905,9.19,2.1,55.0,95.803,78.92,0.74
Maldives,2,43.25743240224936,33,8,12,37,14,22,,37.2906809903977,12.91159265663515,5.040285493543284,63.31,-21.0,400204.0,369606.0,1.35,0.3299,3.0,,1454.433,30.6,4.12,2.875,15183.616,,164.905,9.19,2.1,55.0,95.803,78.92,0.74
Mauritania,1,0.3382247460724946,2,1,1,24,33,1,,,,0.2324553779912923,29.65,-15.0,,,1.3,0.1064,9.4,77.78,4.289,20.3,3.138,1.792,3597.633,6.0,232.347,2.42,,,15.95,64.92,0.546
Mauritania,2,0.4237563672484634,2,1,1,24,33,1,,,,0.4774759115496816,38.54,-1.0,0.0,0.0,1.28,0.1379,7.2,59.26,4.289,20.3,3.138,1.792,3597.633,6.0,232.347,2.42,,,15.95,64.92,0.546
Mauritania,3,0.6368173608019961,3,1,1,11,3,1,,,,1.2167258974138817,25.85,18.0,203087.0,18582.0,1.19,0.1792,5.6,36.11,4.289,20.3,3.138,1.792,3597.633,6.0,232.347,2.42,,,15.95,64.92,0.546
Mauritania,4,1.7330104303077272,5,1,2,39,16,1,,,,1.8554546387413065,26.39,29.0,1213696.0,797785.0,1.69,0.5458,1.8,39.81,4.289,20.3,3.138,1.792,3597.633,6.0,232.347,2.42,,,15.95,64.92,0.546
Mexico,1,1.250382153296397,4,1,2,35,39,1,,0.3192779917308334,0.3562122616979812,11.083106060989902,85.54,-36.0,489628.0,11402.0,1.09,395.0,2.5,71.76,66444.0,29.3,6857.0,4321.0,17336469.0,2.5,152783.0,13.06,6.9,21.4,87847.0,75.05,779.0
Mexico,2,1.3720018028250172,4,1,2,35,39,1,,0.6872166772530055,0.1181155979070524,19.05134121006075,81.47,-2.0,54125533.0,29046598.0,1.06,0.39,2.6,67.13,66444.0,29.3,6857.0,4321.0,17336469.0,2.5,152783.0,13.06,6.9,21.4,87847.0,75.05,779.0
Mexico,3,3.0308046865670955,7,2,3,3,9,2,,1.0515791915721997,0.2990276075442288,23.239355202145333,79.61,3.0,83529476.0,76432854.0,1.36,689.0,1.5,38.89,66444.0,29.3,6857.0,4321.0,17336469.0,2.5,152783.0,13.06,6.9,21.4,87847.0,75.05,779.0
Moldova,1,3.497354389217885,8,2,3,13,26,2,,,0.4922931641826281,6.011394064400693,68.73,-25.0,0.0,0.0,1.05,0.418,2.4,57.41,123.655,37.6,10.864,6.955,5189.972,0.2,408.502,5.72,5.9,44.6,86.979,71.9,0.75
Moldova,2,3.821100891991153,8,2,3,13,26,2,,,0.646616261081877,11.329452476065631,70.27,-30.0,109552.0,102978.0,1.04,0.3417,2.9,65.74,123.655,37.6,10.864,6.955,5189.972,0.2,408.502,5.72,5.9,44.6,86.979,71.9,0.75
Moldova,3,3.83021366090904,8,2,3,13,26,2,,,2.302172575965607,18.35475674231646,59.34,-11.0,632897.0,594923.0,1.05,0.193,5.2,42.59,123.655,37.6,10.864,6.955,5189.972,0.2,408.502,5.72,5.9,44.6,86.979,71.9,0.75
Moldova,4,9.50662180602469,15,4,5,19,30,5,,,3.2976932300370896,26.428762246755426,60.8,-24.0,714110.0,671263.0,1.28,,,50.93,123.655,37.6,10.864,6.955,5189.972,0.2,408.502,5.72,5.9,44.6,86.979,71.9,0.75
Mongolia,1,20.78727365825893,23,6,8,36,25,11,,11.902082791424696,2.4128325566894007,3.622402668202934,51.39,58.0,2279246.0,2126575.0,1.13,0.7772,1.3,37.04,1.98,28.6,4.031,2.421,11840.846,0.5,460.043,4.82,5.5,46.5,71.18,69.87,0.737
Mongolia,2,20.947149786741257,23,6,8,36,25,11,,,,6.289644433844895,51.39,64.0,2297913.0,2160038.0,1.37,0.3388,3.0,37.5,1.98,28.6,4.031,2.421,11840.846,0.5,460.043,4.82,5.5,46.5,71.18,69.87,0.737
Montenegro,1,9.307327781265691,15,4,5,19,30,5,,,,5.7957076734214255,37.32,-29.0,,,1.16,,,,46.28,39.1,14.762,9.395,16409.288,1.0,387.305,10.08,44.0,47.9,,76.88,0.829
Montenegro,2,9.350848285407508,15,4,5,19,30,5,,,,27.131554603049757,29.53,3.0,206977.0,177650.0,1.23,,,,46.28,39.1,14.762,9.395,16409.288,1.0,387.305,10.08,44.0,47.9,,76.88,0.829
Montenegro,3,33.42168184018241,30,7,10,26,29,17,,,,38.754814497548765,41.68,-10.0,285540.0,268408.0,1.4,,,,46.28,39.1,14.762,9.395,16409.288,1.0,387.305,10.08,44.0,47.9,,76.88,0.829
Morocco,1,1.3301985172628377,4,1,2,35,39,1,,0.9577486678395032,0.6310117661134338,1.2237317085246728,54.86,-20.0,,,1.11,246.0,4.1,66.2,80.08,29.6,6769.0,4209.0,7485013.0,1.0,419146.0,7.14,0.8,47.1,,76.68,686.0
Morocco,2,2.411776757750052,6,2,2,14,31,2,,1.9603051960103564,0.5048094128907469,2.785931005577833,47.55,-3.0,15354231.0,11069848.0,1.2,0.2341,4.3,59.26,80.08,29.6,6769.0,4209.0,7485013.0,1.0,419146.0,7.14,0.8,47.1,,76.68,686.0
Morocco,3,1.7937256605856366,5,1,2,39,16,1,,,,4.015018213920995,31.26,-3.0,24727353.0,23113322.0,1.29,0.2324,4.3,68.52,80.08,29.6,6769.0,4209.0,7485013.0,1.0,419146.0,7.14,0.8,47.1,,76.68,686.0
Mozambique,1,0.2698279721538278,2,1,1,24,33,1,,0.1060235434797918,0.0645772189791109,0.1128624481917057,74.47,-28.0,0.0,0.0,1.11,0.3191,3.1,59.26,37.728,17.7,3.158,1.87,1136.103,62.9,329.942,3.3,5.1,29.1,12.227,60.85,0.456
Mozambique,2,0.5221615973174306,2,1,1,24,33,1,,0.221670864807732,0.1756674469099552,0.4169381350553096,82.74,1.0,374854.0,319153.0,1.11,0.3191,3.1,56.48,37.728,17.7,3.158,1.87,1136.103,62.9,329.942,3.3,5.1,29.1,12.227,60.85,0.456
Mozambique,3,0.7980318479129231,3,1,1,11,3,1,,,,0.6255626605005838,70.32,53.0,8745030.0,6200296.0,1.4,0.6282,1.6,37.04,37.728,17.7,3.158,1.87,1136.103,62.9,329.942,3.3,5.1,29.1,12.227,60.85,0.456
Myanmar,1,0.2621775277160623,2,1,1,24,33,1,,0.1932333557408498,0.3938436391305523,0.3302557270448459,71.67,-51.0,,,1.05,0.0794,12.6,79.63,81.721,29.1,5.732,3.12,5591.597,6.4,202.104,4.61,6.3,35.2,79.287,67.13,0.583
Myanmar,2,0.9834948635106742,3,1,1,11,3,1,,0.5507466753557374,0.3027040061698338,1.0608324845517867,78.57,-81.0,3403622.0,1688311.0,1.21,0.3678,2.7,66.2,81.721,29.1,5.732,3.12,5591.597,6.4,202.104,4.61,6.3,35.2,79.287,67.13,0.583
Namibia,1,1.7200098093041436,5,1,2,39,16,1,,0.7911510800264674,0.8649796857317774,0.7536686269780903,75.66,-30.0,0.0,0.0,1.19,0.2517,4.0,38.89,3.078,22.0,3.552,2.085,9541.808,13.4,243.811,3.94,9.7,34.2,44.6,63.71,0.646
Namibia,2,5.998285654429523,11,3,4,7,35,4,,2.0451358613311568,2.938148155019201,5.58487777427354,67.18,-15.0,119571.0,24242.0,1.13,0.3816,2.6,76.85,3.078,22.0,3.552,2.085,9541.808,13.4,243.811,3.94,9.7,34.2,44.6,63.71,0.646
Namibia,3,3.4623407536957127,8,2,3,13,26,2,,3.2927550414633693,1.4339028749172895,13.886827572986045,67.18,40.0,391319.0,329279.0,1.36,0.2785,3.6,28.7,3.078,22.0,3.552,2.085,9541.808,13.4,243.811,3.94,9.7,34.2,44.6,63.71,0.646
Namibia,4,1.668859949808603,5,1,2,39,16,1,,,,15.583548225516203,67.18,40.0,465580.0,419425.0,0.76,0.6535,1.5,23.15,3.078,22.0,3.552,2.085,9541.808,13.4,243.811,3.94,9.7,34.2,44.6,63.71,0.646
Nepal,1,1.1605498719580507,4,1,2,11,39,1,,0.4278377161589652,0.5202372912884011,0.2449880235565925,63.98,-36.0,,,1.15,0.225,4.4,63.89,204.43,25.0,5.809,3.212,2442.804,15.0,260.797,7.26,9.5,37.8,47.782,70.78,0.602
Nepal,2,2.85691813282362,7,2,3,3,9,2,,0.9140924390023628,0.6562443976260088,1.5049745711193157,74.2,-68.0,2103276.0,397188.0,1.15,0.463,2.2,94.44,204.43,25.0,5.809,3.212,2442.804,15.0,260.797,7.26,9.5,37.8,47.782,70.78,0.602
Nepal,3,2.205507916134965,6,2,2,14,31,2,,2.0307744721805485,0.6802714211192482,3.9262110900383216,61.8,12.0,16222908.0,12862002.0,1.62,0.445,2.2,62.96,204.43,25.0,5.809,3.212,2442.804,15.0,260.797,7.26,9.5,37.8,47.782,70.78,0.602
Netherlands,1,55.96794811479662,37,9,14,6,38,29,0.6597529833587354,15.385594465388706,7.082940325138848,12.468923771103796,43.02,-23.0,13518626.0,12339230.0,1.63,607.0,1.6,58.33,508544.0,43.2,18779.0,11881.0,48472545.0,,109361.0,5.29,24.4,27.3,,82.28,944.0
Niger,1,0.0137951007333376,1,1,1,18,21,1,,,,0.0043770972762119,30.87,-13.0,,,1.12,,,61.11,16.955,15.1,2.553,1.378,926.0,44.5,238.339,2.42,0.1,15.4,8.978,62.42,0.394
Niger,2,0.0238458945112882,1,1,1,18,21,1,,,,0.0346188602754945,46.89,-2.0,0.0,0.0,1.16,,,31.48,16.955,15.1,2.553,1.378,926.0,44.5,238.339,2.42,0.1,15.4,8.978,62.42,0.394
Niger,3,0.025333951122471,1,1,1,18,21,1,,,,0.1114170215763041,39.34,43.0,1579329.0,509737.0,1.02,,,16.67,16.955,15.1,2.553,1.378,926.0,44.5,238.339,2.42,0.1,15.4,8.978,62.42,0.394
Nigeria,1,0.0285740036505687,1,1,1,18,21,1,,,,0.0262061568158259,38.79,-19.0,,,1.09,0.2577,3.9,80.09,209.588,18.1,2.751,1.447,5338.454,,181.013,2.42,0.6,10.8,41.949,54.69,0.539
Nigeria,2,0.072287849691755,1,1,1,18,21,1,,0.0567054876032957,0.0326015943636592,0.0699146205303081,37.83,-8.0,0.0,0.0,1.06,0.1101,9.1,58.33,209.588,18.1,2.751,1.447,5338.454,,181.013,2.42,0.6,10.8,41.949,54.69,0.539
Nigeria,3,0.0670934812687289,1,1,1,18,21,1,,,,0.1414848646861649,32.9,52.0,9347335.0,4268525.0,1.28,0.1783,5.6,37.96,209.588,18.1,2.751,1.447,5338.454,,181.013,2.42,0.6,10.8,41.949,54.69,0.539
North Macedonia,1,5.088339473837029,10,3,4,31,24,3,,1.4251095113415002,1.4068540199293116,6.458084152917829,71.82,-30.0,,,1.08,0.3528,2.8,,82.6,39.1,13.26,8.16,13111.214,5.0,322.688,10.08,,,,75.8,0.774
North Macedonia,2,5.233496410281366,10,3,4,31,24,3,,2.999259120903498,2.134288777674331,18.001009285716684,84.24,-25.0,7573.0,6074.0,1.1,0.2995,3.3,,82.6,39.1,13.26,8.16,13111.214,5.0,322.688,10.08,,,,75.8,0.774
North Macedonia,3,4.357105734290449,9,2,3,23,13,3,,,,27.34482472183423,61.71,-11.0,674917.0,503401.0,1.32,0.1088,9.2,,82.6,39.1,13.26,8.16,13111.214,5.0,322.688,10.08,,,,75.8,0.774
North Macedonia,4,7.965293510478709,13,3,5,2,17,4,,,,39.45913425180574,61.71,-14.0,848540.0,797628.0,1.14,0.2684,3.7,,82.6,39.1,13.26,8.16,13111.214,5.0,322.688,10.08,,,,75.8,0.774
Oman,1,2.7940921997130017,7,2,3,3,9,2,,,,0.5226504850502817,77.43,-24.0,,,1.05,,,87.96,14.98,30.7,2.355,1.53,37960.709,,266.342,12.61,0.5,15.6,97.4,77.86,0.813
Oman,2,2.3325507770203027,6,2,2,14,31,2,,,,3.4862510376430875,82.77,-20.0,183699.0,19019.0,1.17,,,80.56,14.98,30.7,2.355,1.53,37960.709,,266.342,12.61,0.5,15.6,97.4,77.86,0.813
Oman,3,3.730147943645585,8,2,3,13,26,2,,,,5.452412386165575,75.67,-13.0,785730.0,205881.0,1.16,,,75.0,14.98,30.7,2.355,1.53,37960.709,,266.342,12.61,0.5,15.6,97.4,77.86,0.813
Oman,4,4.052198357346514,8,2,3,13,13,3,,,,7.960368926150443,62.11,5.0,3191795.0,2972459.0,1.31,,,57.41,14.98,30.7,2.355,1.53,37960.709,,266.342,12.61,0.5,15.6,97.4,77.86,0.813
Pakistan,1,0.2384973915217633,1,1,1,24,33,1,,0.0385686178435695,0.1311989756444372,0.1211812104967404,57.34,-26.0,,,1.25,0.2206,4.5,61.11,255.573,23.5,4.495,2.78,5034.708,4.0,423.031,8.35,2.8,36.7,59.607,67.27,0.557
Pakistan,2,0.13601929988842,1,1,1,18,21,1,,0.2518724595157399,0.1981661370772457,0.3686946100236115,44.15,3.0,0.0,0.0,1.08,0.073,13.7,64.35,255.573,23.5,4.495,2.78,5034.708,4.0,423.031,8.35,2.8,36.7,59.607,67.27,0.557
Pakistan,3,0.2363751639435139,1,1,1,24,33,1,,0.5005565965342733,0.3019627950237941,0.7371227901230821,55.63,-4.0,1673333.0,0.0,1.06,0.0858,11.7,78.24,255.573,23.5,4.495,2.78,5034.708,4.0,423.031,8.35,2.8,36.7,59.607,67.27,0.557
Pakistan,4,0.2005868864615952,1,1,1,24,21,1,,,,1.052487010331162,46.59,24.0,28299814.0,9266521.0,1.17,0.0845,11.8,70.37,255.573,23.5,4.495,2.78,5034.708,4.0,423.031,8.35,2.8,36.7,59.607,67.27,0.557
Pakistan,5,0.294990640160633,2,1,1,24,33,1,,1.0964037648519862,0.22674518694009,1.2949382412993569,40.48,47.0,104319527.0,80512728.0,1.29,0.1222,8.2,65.28,255.573,23.5,4.495,2.78,5034.708,4.0,423.031,8.35,2.8,36.7,59.607,67.27,0.557
Panama,1,7.467515192516517,13,3,5,2,17,4,,3.057102878115056,2.5155292048558704,9.578729879132723,93.99,-65.0,0.0,0.0,1.04,0.2707,3.7,76.85,55.133,29.7,7.918,5.03,22267.037,2.2,128.346,8.33,2.4,9.9,,78.51,0.815
Panama,2,19.66925101926941,22,6,8,10,15,10,,11.343859057331562,7.510755815877504,17.285990017762987,86.15,-19.0,3169050.0,2840645.0,1.32,0.3525,2.8,42.59,55.133,29.7,7.918,5.03,22267.037,2.2,128.346,8.33,2.4,9.9,,78.51,0.815
Panama,3,7.228849496554441,12,3,4,12,1,4,,14.043782806351038,,18.78773037050765,69.17,-3.0,3169050.0,2978907.0,1.18,0.2544,3.9,30.56,55.133,29.7,7.918,5.03,22267.037,2.2,128.346,8.33,2.4,9.9,,78.51,0.815
Philippines,1,0.3770259704091082,2,1,1,24,33,1,,0.1713820762774939,0.3302568256964556,0.2199070645009392,86.15,-54.0,,,1.13,0.1353,7.4,79.63,351.873,25.2,4.803,2.661,7599.188,,370.437,7.07,7.8,40.8,78.463,71.23,0.718
Philippines,2,0.9194606280783048,3,1,1,11,3,1,,0.9136186680025586,0.5538740339555598,1.3075555186542338,86.42,-49.0,952131.0,95038.0,1.08,0.2018,5.0,81.02,351.873,25.2,4.803,2.661,7599.188,,370.437,7.07,7.8,40.8,78.463,71.23,0.718
Philippines,3,1.8060754106076071,5,1,2,39,16,1,,1.6802797124206337,0.5582595679609635,3.1648786985608157,84.92,-35.0,25833034.0,16794545.0,1.08,0.2707,3.7,75.46,351.873,25.2,4.803,2.661,7599.188,,370.437,7.07,7.8,40.8,78.463,71.23,0.718
Philippines,4,2.73189361065167,7,2,3,3,9,2,,2.238741807403736,0.4756728485286083,4.764382908088122,80.37,-25.0,74210646.0,55195486.0,1.45,0.4443,2.3,64.81,351.873,25.2,4.803,2.661,7599.188,,370.437,7.07,7.8,40.8,78.463,71.23,0.718
Poland,1,6.213592229847024,11,3,4,7,35,4,5.725322115511814,,,2.215784321506998,78.64,-34.0,,,1.16,0.3961,2.5,75.0,124.027,41.8,16.763,10.202,27216.445,,227.331,5.91,23.3,33.1,,78.73,0.88
Poland,2,6.923955115045083,12,3,4,12,1,4,7.69135116543641,,,13.72701537159034,73.34,-28.0,3889970.0,1992611.0,1.19,0.3144,3.2,75.93,124.027,41.8,16.763,10.202,27216.445,,227.331,5.91,23.3,33.1,,78.73,0.88
Poland,3,6.1013595444025714,11,3,4,7,35,4,5.64383416673281,,,22.264465433764585,50.66,2.0,20931123.0,19675255.0,1.07,0.2477,4.0,44.44,124.027,41.8,16.763,10.202,27216.445,,227.331,5.91,23.3,33.1,,78.73,0.88
Poland,4,11.76652079440908,17,4,6,29,36,6,4.086832288276847,,,27.83130936317697,50.91,-9.0,22375211.0,21032698.0,1.24,0.3204,3.1,45.37,124.027,41.8,16.763,10.202,27216.445,,227.331,5.91,23.3,33.1,,78.73,0.88
Portugal,1,5.714150774159266,11,3,4,7,24,3,2.98979447425005,4.0054463433682574,3.687773796084018,3.414660004801373,82.89,-33.0,,,1.19,0.1545,6.5,63.89,112.371,46.2,21.502,14.924,27936.896,0.5,127.842,9.85,16.3,30.0,,82.05,0.864
Portugal,2,11.484198757534946,17,4,6,29,36,6,5.824198314641053,6.753521835285338,6.203725185566413,10.025646338981916,90.17,-60.0,233931.0,29625.0,1.19,0.192,5.2,87.96,112.371,46.2,21.502,14.924,27936.896,0.5,127.842,9.85,16.3,30.0,,82.05,0.864
Portugal,3,52.57670125746468,36,9,14,15,18,27,2.211857819930383,33.19517466841556,33.77395757225935,19.41792832223454,74.94,-18.0,9609500.0,9032930.0,1.18,0.1826,5.5,35.19,112.371,46.2,21.502,14.924,27936.896,0.5,127.842,9.85,16.3,30.0,,82.05,0.864
Portugal,4,24.47911027759524,26,6,9,28,23,13,,41.8340490973427,5.178540396106461,22.54737766995285,54.14,0.0,9673781.0,9093354.0,1.15,0.4343,2.3,13.89,112.371,46.2,21.502,14.924,27936.896,0.5,127.842,9.85,16.3,30.0,,82.05,0.864
Qatar,1,6.043225341569733,11,3,4,7,35,4,,,,0.1228449246619376,82.23,-41.0,,,1.15,,,83.33,227.322,31.9,1.307,0.617,116935.6,,176.69,16.52,0.8,26.9,,80.23,0.848
Qatar,2,3.166731939102935,7,2,3,3,9,2,,1.1199635287068117,4.945531925348504,1.1363155531229228,85.07,-20.0,791057.0,445205.0,1.13,,,85.19,227.322,31.9,1.307,0.617,116935.6,,176.69,16.52,0.8,26.9,,80.23,0.848
Qatar,3,12.43884683201588,18,4,6,8,11,7,,16.08926935933642,13.45561408130423,2.129312027473585,77.18,-9.0,2488451.0,2339144.0,1.32,,,69.44,227.322,31.9,1.307,0.617,116935.6,,176.69,16.52,0.8,26.9,,80.23,0.848
Romania,1,4.312478707574332,9,2,3,23,13,3,,,,4.666513172574412,84.45,-30.0,,,1.11,0.2672,3.7,66.67,85.129,43.0,17.85,11.69,23313.199,5.7,370.946,9.74,22.9,37.1,,76.05,0.828
Romania,2,2.8814032064616937,7,2,3,3,9,2,6.622830928766821,3.562366280819324,,11.877494148299132,81.68,-26.0,1853223.0,883117.0,1.09,0.1694,5.9,63.89,85.129,43.0,17.85,11.69,23313.199,5.7,370.946,9.74,22.9,37.1,,76.05,0.828
Romania,3,7.536959492081984,13,3,5,2,17,4,10.457569234932327,,,21.979559354848018,62.51,-17.0,6338749.0,5689257.0,1.11,0.2335,4.3,55.56,85.129,43.0,17.85,11.69,23313.199,5.7,370.946,9.74,22.9,37.1,,76.05,0.828
Romania,4,14.281987634481949,19,5,7,17,32,8,6.208250495666719,,,31.494520114522484,66.24,-20.0,8891673.0,7986889.0,1.24,0.3442,2.9,47.22,85.129,43.0,17.85,11.69,23313.199,5.7,370.946,9.74,22.9,37.1,,76.05,0.828
Russia,1,1.9049829149155848,5,2,2,39,16,1,,5.942252859740371,2.144648506070322,3.4762728461127077,67.44,-11.0,48643.0,85052.0,1.03,0.0601,16.6,47.69,8823.0,39.6,14178.0,9393.0,24765954.0,0.1,431297.0,6.18,23.4,58.3,,72.58,824.0
Russia,2,12.14943964768544,18,4,6,8,11,7,,,,22.80326154345253,49.37,-14.0,78683904.0,70894990.0,1.2,0.1911,5.2,40.28,8823.0,39.6,14178.0,9393.0,24765954.0,0.1,431297.0,6.18,23.4,58.3,,72.58,824.0
Rwanda,1,0.2189119098913133,1,1,1,24,21,1,,0.6257725576670448,0.6246367175969421,0.1333180984139138,58.22,-59.0,0.0,0.0,1.25,0.0568,17.6,74.07,494.869,20.3,2.974,1.642,1854.211,56.0,191.375,4.28,4.7,21.0,4.617,69.02,0.543
Rwanda,2,0.8636314888579437,3,1,1,11,3,1,,,,0.5099228961933314,58.22,-33.0,480856.0,295263.0,1.14,0.0772,12.9,54.63,494.869,20.3,2.974,1.642,1854.211,56.0,191.375,4.28,4.7,21.0,4.617,69.02,0.543
Rwanda,3,0.7934780712097156,3,1,1,11,3,1,,3.0331275891109093,1.2430971165103015,1.0205990019822215,58.22,48.0,7754483.0,5703437.0,1.48,0.0627,15.9,80.56,494.869,20.3,2.974,1.642,1854.211,56.0,191.375,4.28,4.7,21.0,4.617,69.02,0.543
Saudi Arabia,1,1.111754829299804,4,1,2,11,39,1,,0.3581105400348833,0.7361488233955883,0.3222914782624443,80.26,-32.0,,,1.14,0.1938,5.2,81.94,15.322,31.9,3.295,1.845,49045.411,,259.538,17.72,1.8,25.4,,75.13,0.854
Saudi Arabia,2,0.372022967112424,2,1,1,24,33,1,,6.197430270158922,2.9589979592922377,2.2082201021598906,79.5,-8.0,16145755.0,1561506.0,1.04,0.0135,74.0,53.7,15.322,31.9,3.295,1.845,49045.411,,259.538,17.72,1.8,25.4,,75.13,0.854
Saudi Arabia,3,1.4424242500333526,4,1,2,35,39,1,,10.168216061490613,6.003534736739644,2.5211738993137653,71.16,5.0,25268976.0,23502788.0,1.35,0.032,31.2,75.93,15.322,31.9,3.295,1.845,49045.411,,259.538,17.72,1.8,25.4,,75.13,0.854
Senegal,1,0.0750809410553119,1,1,1,18,21,1,,0.0738559695488124,0.107116015833166,0.1407278818220748,55.59,-29.0,,,1.13,0.0955,10.5,32.41,82.328,18.7,3.008,1.796,2470.58,38.0,241.219,2.42,0.4,16.6,20.859,67.94,0.512
Senegal,2,0.1796204510261057,1,1,1,18,21,1,,0.2066769215810742,0.1372969128024457,0.4006673990719403,61.37,-27.0,0.0,0.0,1.07,0.1349,7.4,50.46,82.328,18.7,3.008,1.796,2470.58,38.0,241.219,2.42,0.4,16.6,20.859,67.94,0.512
Senegal,3,0.4700515427169221,2,1,1,24,33,1,,0.366579849581666,0.1235730367239293,0.7303893370600247,47.14,7.0,619772.0,262240.0,1.23,0.3082,3.2,28.7,82.328,18.7,3.008,1.796,2470.58,38.0,241.219,2.42,0.4,16.6,20.859,67.94,0.512
Senegal,4,0.2723889683449098,2,1,1,24,33,1,,0.5560356327648934,0.1154899063217523,1.1043068081823144,34.15,11.0,1335223.0,969429.0,1.57,0.2464,4.1,26.85,82.328,18.7,3.008,1.796,2470.58,38.0,241.219,2.42,0.4,16.6,20.859,67.94,0.512
Serbia,1,10.24796315275288,16,4,6,1,6,6,11.07610848037567,2.65222372778648,3.211649429160566,2.479790940817257,62.39,-33.0,0.0,0.0,1.14,0.3623,2.8,60.19,80.291,41.2,17.366,,14048.881,,439.415,10.08,37.7,40.2,97.719,76.0,0.806
Serbia,2,7.021626409394202,12,3,4,12,1,4,8.584675328568661,4.7695082344630695,2.1063670233209493,7.226902471888789,55.78,-30.0,1321818.0,865018.0,1.07,0.3094,3.2,54.63,80.291,41.2,17.366,,14048.881,,439.415,10.08,37.7,40.2,97.719,76.0,0.806
Serbia,3,9.731284518047143,15,4,5,19,30,5,9.798375824250348,8.907676830268352,3.661620883914496,13.662134596474418,42.0,7.0,3114548.0,2927675.0,1.03,0.3072,3.3,40.74,80.291,41.2,17.366,,14048.881,,439.415,10.08,37.7,40.2,97.719,76.0,0.806
Serbia,4,23.41700589303689,25,6,9,34,4,12,4.803867309646575,11.657242539416524,5.235211226816901,19.52544310618846,40.29,-1.0,3339861.0,3139469.0,1.21,0.4926,2.0,36.11,80.291,41.2,17.366,,14048.881,,439.415,10.08,37.7,40.2,97.719,76.0,0.806
Sierra Leone,1,0.0333390539663716,1,1,1,18,21,1,,,,0.0429904501014144,27.04,-23.0,,,1.14,,,70.37,104.7,19.1,2.538,1.285,1390.3,52.2,325.721,2.42,8.8,41.3,19.275,54.7,0.452
Sierra Leone,2,0.055574744796346,1,1,1,18,21,1,,,,0.0970355873717641,68.23,-6.0,0.0,0.0,1.36,,,60.19,104.7,19.1,2.538,1.285,1390.3,52.2,325.721,2.42,8.8,41.3,19.275,54.7,0.452
Sierra Leone,3,0.0887894584826765,1,1,1,18,21,1,,,,0.1068619759663731,68.23,12.0,86713.0,16264.0,1.44,,,56.48,104.7,19.1,2.538,1.285,1390.3,52.2,325.721,2.42,8.8,41.3,19.275,54.7,0.452
Sierra Leone,4,0.0611937972981225,1,1,1,18,21,1,,,,0.1510807246421137,68.23,53.0,737859.0,378934.0,1.48,,,48.15,104.7,19.1,2.538,1.285,1390.3,52.2,325.721,2.42,8.8,41.3,19.275,54.7,0.452
Slovakia,1,11.205586316367732,17,4,6,1,36,6,4.470323547924768,6.011680463621732,1.1952059633675705,4.251945673457179,78.78,-59.0,30165.0,0.0,1.08,0.123,8.1,61.11,113.128,41.2,15.07,9.167,30155.152,0.7,287.959,7.29,23.1,37.7,,77.54,0.86
Slovakia,2,19.87284389015593,22,6,8,10,15,10,6.109075160526089,82.02726420236105,8.388463041838632,26.10991931029294,44.6,-28.0,2697308.0,2535470.0,1.08,0.164,6.1,59.26,113.128,41.2,15.07,9.167,30155.152,0.7,287.959,7.29,23.1,37.7,,77.54,0.86
Slovakia,3,38.895282415064216,32,8,11,5,8,20,4.240935024324359,89.28986451396241,12.942284012353948,33.10535172601101,38.37,-14.0,2828355.0,2658653.0,1.19,0.326,3.1,46.3,113.128,41.2,15.07,9.167,30155.152,0.7,287.959,7.29,23.1,37.7,,77.54,0.86
South Africa,1,1.9855436208272623,5,2,2,14,31,1,,0.3872161411822484,0.7793878138228449,0.7776223828401707,81.31,-34.0,,,1.13,0.2648,3.8,80.56,46754.0,27.3,5344.0,3053.0,12294876.0,18.9,200.38,5.52,8.1,33.2,43993.0,64.13,709.0
South Africa,2,2.7804444877050223,7,2,3,3,9,2,,1.1731255569851475,1.269145016431499,5.400386755963276,83.5,-34.0,0.0,2124.0,1.2,0.3088,3.2,67.59,46754.0,27.3,5344.0,3053.0,12294876.0,18.9,200.38,5.52,8.1,33.2,43993.0,64.13,709.0
South Africa,3,3.0776001719167865,7,2,3,3,9,2,,2.246689134052106,0.6588055467043434,10.354585813569557,84.84,-12.0,3466228.0,1208436.0,1.15,0.2811,3.6,75.0,46754.0,27.3,5344.0,3053.0,12294876.0,18.9,200.38,5.52,8.1,33.2,43993.0,64.13,709.0
South Africa,4,3.249685022725161,7,2,3,3,9,2,,3.3896846134162493,1.139818869445979,15.018154959405411,73.54,11.0,18660904.0,15473473.0,1.42,0.2988,3.3,54.63,46754.0,27.3,5344.0,3053.0,12294876.0,18.9,200.38,5.52,8.1,33.2,43993.0,64.13,709.0
South Africa,5,1.118834954589386,4,1,2,11,39,1,,4.118122422179303,0.5455514836648668,16.74811077233342,53.07,27.0,21934550.0,18473107.0,1.24,0.2511,4.0,34.26,46754.0,27.3,5344.0,3053.0,12294876.0,18.9,200.38,5.52,8.1,33.2,43993.0,64.13,709.0
South Sudan,1,0.0482436163216493,1,1,1,18,21,1,,,,0.0166939378249222,45.08,-19.0,,,0.74,,,85.19,,19.2,3.441,2.032,1569.888,,280.775,10.43,,,,57.85,0.433
South Sudan,2,0.1503965896758599,1,1,1,18,21,1,,0.0917885419312619,0.133024325615433,0.0755620343654375,43.8,-18.0,0.0,0.0,0.96,0.1917,5.2,77.78,,19.2,3.441,2.032,1569.888,,280.775,10.43,,,,57.85,0.433
South Sudan,3,0.1232320382478701,1,1,1,18,21,1,,,,0.1186148213876053,37.22,51.0,232939.0,187389.0,1.41,0.2843,3.5,56.48,,19.2,3.441,2.032,1569.888,,280.775,10.43,,,,57.85,0.433
Spain,1,7.37859946189752,13,3,5,2,17,4,5.122663795442061,5.82781132381668,4.0929968205727,11.860252379650184,96.18,-47.0,794655.0,81032.0,1.23,0.16,6.2,71.3,93105.0,45.5,19436.0,13799.0,34272.36,1.0,99403.0,7.17,27.4,31.4,,83.56,904.0
Spain,2,27.46900852461892,27,7,10,22,28,14,3.2112380453261835,16.687917399709672,8.24268394039338,19.415678752632008,81.84,-23.0,40174355.0,37763893.0,1.27,0.38,2.6,46.76,93105.0,45.5,19436.0,13799.0,34272.36,1.0,99403.0,7.17,27.4,31.4,,83.56,904.0
Sri Lanka,1,1.3613318006411317,4,1,2,35,39,1,,1.6349718425183135,0.915417029464064,0.6903190567227354,86.14,-88.0,1691562.0,349745.0,1.05,0.1362,7.3,85.19,341.955,34.1,10.069,5.331,11669.077,0.7,197.093,10.68,0.3,27.0,,76.98,0.782
Sri Lanka,2,2.391780100368223,6,2,2,14,31,2,,2.447489466819703,0.9803553989509196,3.7944289391424206,85.88,-82.0,12434720.0,6121540.0,1.13,0.2512,4.0,86.11,341.955,34.1,10.069,5.331,11669.077,0.7,197.093,10.68,0.3,27.0,,76.98,0.782
Sri Lanka,3,0.6051188658367798,3,1,1,11,3,1,,3.3398375591806717,0.5072263473385921,7.282773013511553,77.38,-19.0,17012645.0,14023405.0,1.1,0.0976,10.2,52.78,341.955,34.1,10.069,5.331,11669.077,0.7,197.093,10.68,0.3,27.0,,76.98,0.782
Suriname,1,1.460002592565622,4,1,2,35,39,1,,0.0289118922334985,0.520447855518268,0.6759063058678806,73.71,-35.0,,,1.13,0.339,2.9,85.19,3.612,29.6,6.933,4.229,13767.119,,258.314,12.54,7.4,42.9,67.779,71.68,0.738
Suriname,2,1.3352907867961772,4,1,2,35,39,1,,,,2.247388467010703,73.46,-29.0,0.0,0.0,1.15,,,67.59,3.612,29.6,6.933,4.229,13767.119,,258.314,12.54,7.4,42.9,67.779,71.68,0.738
Suriname,3,4.336287150876212,9,2,3,23,13,3,,,,5.998668464577441,73.46,-17.0,86979.0,21436.0,1.11,,,81.48,3.612,29.6,6.933,4.229,13767.119,,258.314,12.54,7.4,42.9,67.779,71.68,0.738
Suriname,4,7.926040090418216,13,3,5,2,17,4,,,,13.450535486770823,73.55,-13.0,217228.0,159716.0,1.18,,,58.33,3.612,29.6,6.933,4.229,13767.119,,258.314,12.54,7.4,42.9,67.779,71.68,0.738
Suriname,5,14.487291584279385,19,5,7,17,32,8,,1.0028928789891145,3.776626484036783,20.479961067796783,70.51,-6.0,263727.0,231026.0,1.39,0.416,2.4,60.19,3.612,29.6,6.933,4.229,13767.119,,258.314,12.54,7.4,42.9,67.779,71.68,0.738
Switzerland,1,8.65594365300489,14,3,5,30,20,5,3.5970422330621763,1.9735542242355968,4.375311370761084,2.962540046496504,53.27,-12.0,,,1.37,0.268,3.7,59.26,214.243,43.1,18.436,12.644,57410.166,,99.739,5.59,22.6,28.9,,83.78,0.955
Switzerland,2,39.25133761954595,32,8,11,5,8,20,2.217889198248544,19.2141787946845,13.736800231862931,14.532739050706708,45.58,-4.0,6066924.0,5702909.0,1.18,0.405,2.5,50.93,214.243,43.1,18.436,12.644,57410.166,,99.739,5.59,22.6,28.9,,83.78,0.955
Switzerland,3,30.215586021218076,29,7,10,20,34,16,2.041192386799876,22.372291232143585,8.811204505447424,15.244115824071477,12.7,2.0,6087178.0,5721947.0,1.2,0.515,1.9,14.81,214.243,43.1,18.436,12.644,57410.166,,99.739,5.59,22.6,28.9,,83.78,0.955
Timor,1,1.294936850850652,4,1,2,35,39,1,,,,0.0818528508975909,80.64,-37.0,134817.0,126728.0,1.12,,,78.7,87.176,18.0,3.556,1.897,6570.102,30.3,335.346,6.86,6.3,78.1,28.178,69.5,0.606
Timor,2,1.98448882655238,5,2,2,14,31,1,,,,0.3794995814342851,78.39,-40.0,181596.0,170700.0,1.27,0.3547,2.8,69.91,87.176,18.0,3.556,1.897,6570.102,30.3,335.346,6.86,6.3,78.1,28.178,69.5,0.606
Timor,3,0.9874991113432572,3,1,1,11,3,1,,1.778848479211236,,0.9152636964003348,70.67,-12.0,221371.0,208089.0,1.6,0.677,1.5,36.11,87.176,18.0,3.556,1.897,6570.102,30.3,335.346,6.86,6.3,78.1,28.178,69.5,0.606
Togo,1,0.1841253701893435,1,1,1,18,21,1,,0.3246486712693504,0.2244569098169172,0.1285643887022805,62.84,1.0,61067.0,4236.0,1.12,0.1301,7.7,64.81,143.366,19.4,2.839,1.525,1429.813,49.2,280.033,6.15,0.9,14.2,10.475,61.04,0.515
Togo,2,0.2577883663703277,2,1,1,24,33,1,,0.5280257392983121,0.1438977561621855,0.2040517361971975,28.84,29.0,367650.0,189697.0,1.19,0.1165,8.6,50.93,143.366,19.4,2.839,1.525,1429.813,49.2,280.033,6.15,0.9,14.2,10.475,61.04,0.515
Togo,3,0.4820104748725738,2,1,1,24,33,1,,0.7344187627576566,0.1844722054407034,0.2960519409566275,28.84,40.0,1396824.0,1032187.0,1.45,0.248,4.0,21.76,143.366,19.4,2.839,1.525,1429.813,49.2,280.033,6.15,0.9,14.2,10.475,61.04,0.515
Trinidad and Tobago,1,0.7849965348967701,3,1,1,11,3,1,,,,0.3919126334106232,61.52,-34.0,,,1.11,,,80.56,266.886,36.2,10.014,5.819,28763.071,,228.467,10.97,,,89.443,73.51,0.796
Trinidad and Tobago,2,3.6220894085687423,8,2,3,13,26,2,,1.1812674312050817,0.8037771827039691,2.6721315914360675,60.06,-56.0,66299.0,1179.0,1.16,0.296,3.4,64.81,266.886,36.2,10.014,5.819,28763.071,,228.467,10.97,,,89.443,73.51,0.796
Trinidad and Tobago,3,5.231966229466493,10,3,4,31,24,3,,3.275171123307116,0.5415520025310431,16.41045081353937,86.53,-4.0,696782.0,650050.0,1.1,0.376,2.7,59.26,266.886,36.2,10.014,5.819,28763.071,,228.467,10.97,,,89.443,73.51,0.796
Trinidad and Tobago,4,4.6821443828165625,9,2,3,23,13,3,,4.171325676548091,0.2871650750263294,24.61211337818714,86.53,-6.0,737494.0,693244.0,1.0,0.192,5.2,56.48,266.886,36.2,10.014,5.819,28763.071,,228.467,10.97,,,89.443,73.51,0.796
Trinidad and Tobago,5,3.4607608068971567,8,2,3,13,26,2,,,,27.5478952866449,86.53,6.0,751772.0,706666.0,1.05,,,35.19,266.886,36.2,10.014,5.819,28763.071,,228.467,10.97,,,89.443,73.51,0.796
Turkey,1,3.6163983085919646,8,2,3,13,26,2,,2.3107858383107525,2.054978569833407,1.752060281785854,87.91,-38.0,0.0,0.0,1.25,0.1729,5.8,66.2,104914.0,31.6,8153.0,5061.0,25129341.0,0.2,171285.0,12.13,14.1,41.1,,77.69,0.82
Turkey,2,3.1800562532313985,7,2,3,3,9,2,,11.52057066931619,4.251192012448894,8.354858197412652,59.02,10.0,55602327.0,48846431.0,1.01,0.0738,13.6,51.85,104914.0,31.6,8153.0,5061.0,25129341.0,0.2,171285.0,12.13,14.1,41.1,,77.69,0.82
Turkey,3,11.477980507430592,17,4,6,29,36,6,,15.739506193685962,4.955567280902158,10.410412948144096,60.69,5.0,57611844.0,52500475.0,1.12,0.2283,4.4,58.33,104914.0,31.6,8153.0,5061.0,25129341.0,0.2,171285.0,12.13,14.1,41.1,,77.69,0.82
Ukraine,1,3.1429296378204508,7,2,3,3,9,2,,1.0168194490961404,1.0583934569681677,2.82790400457618,71.97,-19.0,,,1.1,0.3128,3.2,61.57,77.39,41.4,16.462,11.133,7894.393,0.1,539.849,7.11,13.5,47.4,,72.06,0.779
Ukraine,2,3.4586527150289483,8,2,3,13,26,2,,1.9319530652597516,0.9550272619424536,8.441380876660364,68.58,-24.0,320263.0,2.0,1.11,0.3155,3.2,66.67,77.39,41.4,16.462,11.133,7894.393,0.1,539.849,7.11,13.5,47.4,,72.06,0.779
Ukraine,3,5.225349528630872,10,3,4,31,24,3,,3.338771120649216,1.3097345833104614,16.825706742489707,64.19,-14.0,10719772.0,7617267.0,1.08,0.3716,2.7,58.33,77.39,41.4,16.462,11.133,7894.393,0.1,539.849,7.11,13.5,47.4,,72.06,0.779
Ukraine,4,8.065026511390387,13,3,5,2,17,5,,4.280036391894489,,24.881276114458057,59.03,-18.0,15515028.0,14584126.0,1.2,0.4504,2.2,75.0,77.39,41.4,16.462,11.133,7894.393,0.1,539.849,7.11,13.5,47.4,,72.06,0.779
United Kingdom,1,7.977180380298,13,3,5,2,17,4,4.683968889227596,7.605537158484671,8.103597522100113,11.34910941987664,64.3,-54.0,0.0,391399.0,1.15,0.1245,8.0,87.96,272898.0,40.8,18517.0,12527.0,39753244.0,0.2,122137.0,4.28,20.0,24.7,,81.32,932.0
United Kingdom,2,23.764655165720985,25,6,9,34,4,12,2.4188092755251307,58.295364762097975,26.287976353903492,21.846108310637508,51.79,-12.0,51980836.0,47482789.0,1.2,0.1093,9.1,48.61,272898.0,40.8,18517.0,12527.0,39753244.0,0.2,122137.0,4.28,20.0,24.7,,81.32,932.0
United States,1,7.051835870893608,12,3,4,12,1,4,3.8694252697010647,8.089389127510639,6.797226009657947,11.142000737401276,76.13,-34.0,10435663.0,1203892.0,1.1,144.0,6.9,71.76,35608.0,38.3,15413.0,9732.0,54225446.0,1.2,151089.0,10.79,19.1,24.6,,78.86,926.0
United States,2,22.64752644104205,24,6,9,25,4,12,4.496822513960423,22.673812090587404,8.805431862181164,25.42897772180781,49.37,-19.0,250672776.0,211488422.0,1.22,284.0,3.5,53.24,35608.0,38.3,15413.0,9732.0,54225446.0,1.2,151089.0,10.79,19.1,24.6,,78.86,926.0
United States,3,3.215186815887406,7,2,3,3,9,2,0.7476381198647677,27.029043749457852,2.2211610640376107,30.27994460833576,19.35,-4.0,259570554.0,230527403.0,1.11,0.14,7.1,38.89,35608.0,38.3,15413.0,9732.0,54225446.0,1.2,151089.0,10.79,19.1,24.6,,78.86,926.0
Uruguay,1,10.412437406047369,16,4,6,1,6,6,,6.3300739824260175,7.042447503007042,11.815840456886816,86.36,-30.0,1771346.0,1009184.0,1.06,0.1863,5.4,62.04,19751.0,35.6,14655.0,10361.0,20551409.0,0.1,160708.0,6.93,14.0,19.9,,77.91,817.0
Uruguay,2,30.288213507813435,29,7,10,20,34,16,,14.399067816841274,7.23956946497599,18.0996409912681,71.71,-19.0,2824543.0,2655070.0,1.24,0.3511,2.8,28.7,19751.0,35.6,14655.0,10361.0,20551409.0,0.1,160708.0,6.93,14.0,19.9,,77.91,817.0
Zambia,1,0.6642733098516135,3,1,1,11,3,1,,0.408215740077102,0.2538495359859861,0.2954442861048641,46.42,-19.0,55.0,50.0,1.33,0.1469,6.8,49.07,22.995,17.7,2.48,1.542,3689.251,57.5,234.499,3.94,3.1,24.7,13.938,63.89,0.584
Zambia,2,1.343020045914452,4,1,2,35,39,1,,0.9521661959201524,0.6845428253363506,0.9481700344760756,45.28,3.0,183749.0,7205.0,1.26,0.2307,4.3,49.07,22.995,17.7,2.48,1.542,3689.251,57.5,234.499,3.94,3.1,24.7,13.938,63.89,0.584
Zambia,3,1.793022686626754,5,1,2,39,16,1,,1.5700469597858044,0.6086469407484106,1.9766755456747616,75.51,66.0,1473385.0,1231515.0,1.48,0.3192,3.1,37.96,22.995,17.7,2.48,1.542,3689.251,57.5,234.499,3.94,3.1,24.7,13.938,63.89,0.584
